timestamp,x,y,z
7378419483023667042,7.564174712174954e+28,1.3742193455085703e+31,2.7344706408426347e+20
8388798730907680768,0.0,0.0,0.0
0,3.673223664534643e-41,1.79358949313118e+25,1.7444248240752224e+28
8247334465366392832,0.0,0.0,0.0
0,0.0,0.0,0.0
0,0.0,0.0,0.0
0,0.0,0.0,0.0
0,2.5219168462453733e-41,1.0528510355212184e-11,0.0
0,0.0,0.0,0.0
0,0.0,0.0,0.0
5149021748984807424,6.018531076210112e-36,137438953472.0,0.0
57449482551296,0.0,0.0,0.0
0,0.0,0.0,0.0
0,0.0,0.0,0.0
0,0.0,0.0,0.0
0,0.0,0.0,0.0
0,0.0,0.0,0.0
0,0.0,0.0,1.5612034346858506e-39
13846391289151488,0.0,0.0,0.0
0,0.0,2.5943639768509663e-41,14239711232.0
3266008238128975872,0.0,0.0,0.0
0,0.0,0.0,0.0
0,0.0,0.0,0.0
0,0.0,0.0,0.0
0,0.0,0.0,0.0
0,0.0,0.0,0.0
215607226420,2.6366357985807554e-09,6.409833774867479e-10,1.1614308473295587e-11
3693292758655710001,1.0563112482486758e-05,0.0,0.0
0,0.0,0.0,0.0
0,9.40388137853877e-39,1.3612495422421489e-05,1.0663648630782063e-08
4121466999891034112,0.0,0.0,0.0
55183219503152,53042.20703125,6.591734380556602e-10,4.656612873077393e-10
0,0.0,0.0,0.0
0,0.0,0.0,0.0
0,0.0,0.0,0.0
0,0.0,0.0,0.0
0,0.0,0.0,0.0
0,0.0,0.0,0.0
0,0.0,0.0,0.0
0,0.0,0.0,0.0
0,0.0,0.0,0.0
0,0.0,0.0,0.0
0,0.0,0.0,0.0
0,0.0,0.0,0.0
0,0.0,0.0,0.0
0,0.0,0.0,0.0
0,0.0,0.0,0.0
0,0.0,0.0,0.0
0,0.0,0.0,0.0
0,0.0,0.0,0.0
0,0.0,0.0,0.0
2856587804,1.1368685127414319e-13,131272.71875,1.158708630128018e+20
15046244880501637120,2.352280138309297e-38,2.350988701644575e-38,0.0
0,0.0,0.0,0.0
0,0.03125,0.0,0.0
0,0.0,0.0,0.0
2048900245,-1.7414579977712008e-13,2.3611835229097993e+21,1.8217749357674062e-12
6974106600974778368,8.892191584945048e-23,6.457183323608757e-42,2.350988701644575e-38
0,0.0,0.0,0.0
0,0.0,0.0,0.0
10986567637840171548,1.1368685127414319e-13,131272.71875,1.158708630128018e+20
202661984504053760,2.352280138309297e-38,2.350988701644575e-38,0.0
0,0.0,0.0,0.0
0,0.03125,0.0,0.0
0,0.0,0.0,0.0
649123692,-1.7414579977712008e-13,2.3611835229097993e+21,1.8217749357674062e-12
6974106597518737408,112721920.0,2.352280138309297e-38,2.350988701644575e-38
0,0.0,0.0,0.0
0,0.0,0.0,0.0
5453471397659808284,1.1368685127414319e-13,131272.71875,1.158708630128018e+20
3805541687239311360,9.409120553237187e-38,2.350988701644575e-38,0.0
0,0.0,0.0,0.0
0,0.03125,0.0,0.0
0,0.0,0.0,0.0
2472482682,-1.7414579977712008e-13,2.3611835229097993e+21,1.8217749357674062e-12
6974106598357598208,1.4289200954687846e+38,2.352280138309297e-38,2.350988701644575e-38
0,0.0,0.0,0.0
0,0.0,0.0,0.0
5698064742875402780,1.1368685127414319e-13,131272.71875,1.158708630128018e+20
7408421389974568960,9.409120553237187e-38,2.350988701644575e-38,0.0
0,0.0,0.0,0.0
0,0.03125,0.0,0.0
0,0.0,0.0,0.0
3538189071,-1.7414579977712008e-13,2.3611835229097993e+21,1.8217749357674062e-12
6974106599196459008,-1.5643308870494366e-09,2.352280138309297e-38,2.350988701644575e-38
0,0.0,0.0,0.0
0,0.0,0.0,0.0
3207987861664305692,1.1368685127414319e-13,131272.71875,1.158708630128018e+20
11011301092709826560,9.409120553237187e-38,2.350988701644575e-38,0.0
0,0.0,0.0,0.0
0,0.03125,0.0,0.0
0,0.0,0.0,0.0
1612422316,-1.7414579977712008e-13,2.3611835229097993e+21,1.8217749357674062e-12
6974106600035319808,-1.9830249879237768e+21,2.352280138309297e-38,2.350988701644575e-38
0,0.0,0.0,0.0
0,0.0,0.0,0.0
11696464064728535580,1.1368685127414319e-13,131272.71875,1.158708630128018e+20
14614180791166959616,2.352280138309297e-38,2.350988701644575e-38,0.0
0,0.0,0.0,0.0
0,0.03125,0.0,0.0
0,0.0,0.0,0.0
3594610412,-1.7414579977712008e-13,2.3611835229097993e+21,1.8217749357674062e-12
6974106600874180608,8.724170523020214e-26,6.457183323608757e-42,2.350988701644575e-38
0,0.0,0.0,0.0
0,0.0,0.0,0.0
11676627058192290332,1.1368685127414319e-13,131272.71875,1.158708630128018e+20
18217060493902217216,2.352280138309297e-38,2.350988701644575e-38,0.0
0,0.0,0.0,0.0
0,0.03125,0.0,0.0
0,0.0,0.0,0.0
1376370069,-1.7414579977712008e-13,2.3611835229097993e+21,1.8217749357674062e-12
6974106601713041408,110592.0,6.457183323608757e-42,2.350988701644575e-38
0,0.0,0.0,0.0
0,0.0,0.0,0.0
15598112214404567580,1.1368685127414319e-13,131272.71875,1.158708630128018e+20
3373477597904633856,2.352280138309297e-38,2.350988701644575e-38,0.0
0,0.0,0.0,0.0
0,0.03125,0.0,0.0
0,0.0,0.0,0.0
2147894506,-1.7414579977712008e-13,2.3611835229097993e+21,1.8217749357674062e-12
6974106598257000448,1.4019201518044035e+35,6.457183323608757e-42,2.350988701644575e-38
0,0.0,0.0,0.0
0,0.0,0.0,0.0
2409418386091282972,1.1368685127414319e-13,131272.71875,1.158708630128018e+20
6976357300639891456,2.352280138309297e-38,2.350988701644575e-38,0.0
0,0.0,0.0,0.0
0,0.03125,0.0,0.0
0,0.0,0.0,0.0
808170545,-1.7414579977712008e-13,2.3611835229097993e+21,1.8217749357674062e-12
6974106599095861248,-1.5347723092418164e-12,6.457183323608757e-42,2.350988701644575e-38
0,0.0,0.0,0.0
0,0.0,0.0,0.0
11373278117985784348,1.1368685127414319e-13,131272.71875,1.158708630128018e+20
10579237003375149056,2.352280138309297e-38,2.350988701644575e-38,0.0
0,0.0,0.0,0.0
0,0.03125,0.0,0.0
0,0.0,0.0,0.0
3742664534,-1.7414579977712008e-13,2.3611835229097993e+21,1.8217749357674062e-12
6974106599934722048,-1.9455550390240543e+18,2.352280138309297e-38,2.350988701644575e-38
0,0.0,0.0,0.0
0,0.0,0.0,0.0
8391830435214397980,1.1368685127414319e-13,131272.71875,1.158708630128018e+20
14182116701815504896,9.409120553237187e-38,2.350988701644575e-38,0.0
0,0.0,0.0,0.0
0,0.03125,0.0,0.0
0,0.0,0.0,0.0
2978536338,-1.7414579977712008e-13,2.3611835229097993e+21,1.8217749357674062e-12
6974106600773582848,2.1397852054119945e-29,2.352280138309297e-38,2.350988701644575e-38
0,0.0,0.0,0.0
0,0.0,0.0,0.0
15175593647019397660,1.1368685127414319e-13,131272.71875,1.158708630128018e+20
17784996404550762496,9.409120553237187e-38,2.350988701644575e-38,0.0
0,0.0,0.0,0.0
0,0.03125,0.0,0.0
0,0.0,0.0,0.0
2774717904,-1.7414579977712008e-13,2.3611835229097993e+21,1.8217749357674062e-12
6974106601612443648,27.125,2.352280138309297e-38,2.350988701644575e-38
0,0.0,0.0,0.0
0,0.0,0.0,0.0
18333157683533976092,1.1368685127414319e-13,131272.71875,1.158708630128018e+20
2941413508569956352,2.352280138309297e-38,2.350988701644575e-38,0.0
0,0.0,0.0,0.0
0,0.03125,0.0,0.0
0,0.0,0.0,0.0
2812285289,-1.7414579977712008e-13,2.3611835229097993e+21,1.8217749357674062e-12
6974106598156402688,1.3754009012476289e+32,6.457183323608757e-42,2.350988701644575e-38
0,0.0,0.0,0.0
0,0.0,0.0,0.0
16341230217622458908,1.1368685127414319e-13,131272.71875,1.158708630128018e+20
6544293211305213952,2.352280138309297e-38,2.350988701644575e-38,0.0
0,0.0,0.0,0.0
0,0.03125,0.0,0.0
0,0.0,0.0,0.0
2638432503,-1.7414579977712008e-13,2.3611835229097993e+21,1.8217749357674062e-12
6974106598995263488,-1.5057399771478686e-15,6.457183323608757e-42,2.350988701644575e-38
0,0.0,0.0,0.0
0,0.0,0.0,0.0
16853265442578633244,1.1368685127414319e-13,131272.71875,1.158708630128018e+20
10147172914040471552,2.352280138309297e-38,2.350988701644575e-38,0.0
0,0.0,0.0,0.0
0,0.03125,0.0,0.0
0,0.0,0.0,0.0
1956721096,-1.7414579977712008e-13,2.3611835229097993e+21,1.8217749357674062e-12
6974106599834124288,-1908752185819136.0,6.457183323608757e-42,2.350988701644575e-38
0,0.0,0.0,0.0
0,0.0,0.0,0.0
610297632799330844,1.1368685127414319e-13,131272.71875,1.158708630128018e+20
13750052612480827392,2.352280138309297e-38,2.350988701644575e-38,0.0
0,0.0,0.0,0.0
0,0.03125,0.0,0.0
0,0.0,0.0,0.0
174946439,-1.7414579977712008e-13,2.3611835229097993e+21,1.8217749357674062e-12
6974106600672985088,2.099263639382087e-32,6.457183323608757e-42,2.350988701644575e-38
0,0.0,0.0,0.0
0,0.0,0.0,0.0
3721065204600279580,1.1368685127414319e-13,131272.71875,1.158708630128018e+20
17352932315216084992,2.352280138309297e-38,2.350988701644575e-38,0.0
0,0.0,0.0,0.0
0,0.03125,0.0,0.0
0,0.0,0.0,0.0
1416298434,-1.7414579977712008e-13,2.3611835229097993e+21,1.8217749357674062e-12
6974106601511845888,0.026611328125,6.457183323608757e-42,2.350988701644575e-38
0,0.0,0.0,0.0
0,0.0,0.0,0.0
7915044932321496647,49452.171875,2.446719042648038e-12,6.263600749178977e-10
3182967604875245368,4.256820043621451e-31,882069696.0,2.4490505109997507e-12
3182967604875373612,2.929897210263155e-12,1.591749328915329e-13,1.639600973298829e-32
2029434582105325618,5.111023063109066e-11,3.1980994072206705e-39,1.0088272745918081e-38
563027262898176,0.0,0.0,0.0
0,0.0,0.0,0.0
17169973579350016,0.0,0.0,0.0
0,0.0,0.0,6.923085635729008e-39
4875784391158333440,3.159155080819541e-38,5.111023063109066e-11,3.1980994072206705e-39
31201940973092882,9.183549615799121e-41,0.0,0.0
0,0.0,0.0,0.0
0,0.0,1.5609458760281077e-38,6.254581349559132e-38
2029434582105325618,5.111023063109066e-11,7.789874215120231e-39,1.4680047553817642e-38
563027262898176,0.0,0.0,0.0
0,0.0,0.0,0.0
17169973579350016,0.0,0.0,0.0
0,0.0,0.0,1.1241986994969061e-38
3218459728285990912,3.159155080819541e-38,5.111023063109066e-11,7.789874215120231e-39
45275689808625682,9.183549615799121e-41,0.0,0.0
0,0.0,0.0,0.0
0,0.0,2.2439202504002944e-38,3.171449520777969e-07
2029434582105325618,5.111023063109066e-11,1.2381649023019792e-38,1.908815136940122e-38
281552286187520,0.0,0.0,0.0
0,0.0,0.0,0.0
17169973579350016,0.0,0.0,0.0
0,0.0,0.0,2.1113184595778585e-38
16404999437226803200,3.159155080819541e-38,5.111023063109066e-11,1.2381649023019792e-38
58786488690671634,9.183549615799121e-41,0.0,0.0
0,0.0,0.0,0.0
0,0.0,1.5195904754892608e-39,-1.1316110027659447e+38
2029434582105325618,5.111023063109066e-11,1.6973423830919352e-38,1.7039789326189776e-40
281552286187520,0.0,0.0,0.0
0,0.0,0.0,0.0
17169973579350016,0.0,0.0,0.0
0,0.0,0.0,2.1929572673303438e-38
3218459728285990912,3.159155080819541e-38,5.111023063109066e-11,1.6973423830919352e-38
803742999904274,9.183549615799121e-41,0.0,0.0
0,0.0,0.0,0.0
0,0.0,1.546536744308995e-38,22317092.0
2029434582105325618,5.111023063109066e-11,2.1565198638818913e-38,4.7621727011614583e-39
281552286187520,0.0,0.0,0.0
0,0.0,0.0,0.0
17169973579350016,0.0,0.0,0.0
0,0.0,0.0,6.002177508347096e-39
14387386804164820992,3.159155080819541e-38,5.111023063109066e-11,2.1565198638818913e-38
14877491835437074,9.183549615799121e-41,0.0,0.0
0,0.0,0.0,0.0
0,0.0,3.3039156581572304e-39,-1.2098119814979436e-12
2029434582105325618,5.111023063109066e-11,2.6474451626795904e-39,9.353947509061019e-39
281552286187520,0.0,0.0,0.0
0,0.0,0.0,0.0
17169973579350016,0.0,0.0,0.0
0,0.0,0.0,1.0796093823620904e-39
3650805292513558528,3.159155080819541e-38,5.111023063109066e-11,2.6474451626795904e-39
28951240670969874,9.183549615799121e-41,0.0,0.0
0,0.0,0.0,0.0
0,0.0,9.336151018564094e-39,87176.140625
2029434582105325618,5.111023063109066e-11,7.239219970579151e-39,1.394572231696058e-38
563027262898176,0.0,0.0,0.0
0,0.0,0.0,0.0
17169973579350016,0.0,0.0,0.0
0,0.0,0.0,9.884254899900103e-39
4371381232892837888,3.159155080819541e-38,5.111023063109066e-11,7.239219970579151e-39
43024989506568210,9.183549615799121e-41,0.0,0.0
0,0.0,0.0,0.0
0,0.0,9.339870064688412e-39,340.53179931640625
2029434582105325618,5.111023063109066e-11,1.1830994778478712e-38,1.853749712486014e-38
563027262898176,0.0,0.0,0.0
0,0.0,0.0,0.0
17169973579350016,0.0,0.0,0.0
0,0.0,0.0,1.9193037158157468e-38
13666810863785541632,3.159155080819541e-38,5.111023063109066e-11,1.1830994778478712e-38
57098738342101010,9.183549615799121e-41,0.0,0.0
0,0.0,0.0,0.0
0,0.0,1.6912659325610835e-38,-1.2098119814979436e-12
2029434582105325618,5.111023063109066e-11,1.6422769586378272e-38,2.3221107428917692e-38
281552286187520,0.0,0.0,0.0
0,0.0,0.0,0.0
17169973579350016,0.0,0.0,0.0
0,0.0,0.0,3.6033633308941936e-39
4371381232892837888,3.159155080819541e-38,5.111023063109066e-11,1.6422769586378272e-38
71453962154278930,9.183549615799121e-41,0.0,0.0
0,0.0,0.0,0.0
0,0.0,6.267052345372237e-39,4.2981155754444826e-27
2029434582105325618,5.111023063109066e-11,2.1014544394277833e-38,4.3033539527783694e-39
281552286187520,0.0,0.0,0.0
0,0.0,0.0,0.0
17169973579350016,0.0,0.0,0.0
0,0.0,0.0,2.1788052738794346e-38
15180020338582028288,3.159155080819541e-38,5.111023063109066e-11,2.1014544394277833e-38
13471216463511570,9.183549615799121e-41,0.0,0.0
0,0.0,0.0,0.0
0,0.0,6.974346534852474e-39,-1.1003175873137875e-24
2029434582105325618,5.111023063109066e-11,2.0967909181385103e-39,8.89512876067793e-39
281552286187520,0.0,0.0,0.0
0,0.0,0.0,0.0
17169973579350016,0.0,0.0,0.0
0,0.0,0.0,9.54024593599761e-39
8766894469206441984,3.159155080819541e-38,5.111023063109066e-11,2.0967909181385103e-39
27544965299044370,9.183549615799121e-41,0.0,0.0
0,0.0,0.0,0.0
0,0.0,5.464874835574103e-39,1.053894872559183e+29
2029434582105325618,5.111023063109066e-11,6.688565726038071e-39,1.348690356857749e-38
281552286187520,0.0,0.0,0.0
0,0.0,0.0,0.0
17169973579350016,0.0,0.0,0.0
0,0.0,0.0,1.7896037338532347e-38
3506690104437702656,3.159155080819541e-38,5.111023063109066e-11,6.688565726038071e-39
41618714134577170,9.183549615799121e-41,0.0,0.0
0,0.0,0.0,0.0
0,0.0,1.4394122411261413e-38,348704.5625
2029434582105325618,5.111023063109066e-11,1.1280340533937631e-38,1.807867837647705e-38
281552286187520,0.0,0.0,0.0
0,0.0,0.0,0.0
17169973579350016,0.0,0.0,0.0
0,0.0,0.0,1.0235315197675077e-38
9991873567851216896,3.159155080819541e-38,5.111023063109066e-11,1.1280340533937631e-38
55692462970109970,9.183549615799121e-41,0.0,0.0
0,0.0,0.0,0.0
0,0.0,1.9053697644058866e-38,5990698767613952.0
2029434582105325618,5.111023063109066e-11,1.5872115341837192e-38,2.2670453184376612e-38
563027262898176,0.0,0.0,0.0
0,0.0,0.0,0.0
17169973579350016,0.0,0.0,0.0
0,0.0,0.0,1.7755830420684328e-38
11000679884382208000,3.159155080819541e-38,5.111023063109066e-11,1.5872115341837192e-38
69766211805708306,9.183549615799121e-41,0.0,0.0
0,0.0,0.0,0.0
0,0.0,5.273205231623754e-39,-7.211041340219638e-20
2029434582105325618,5.111023063109066e-11,2.0463890149736753e-38,3.752699708237289e-39
563027262898176,0.0,0.0,0.0
0,0.0,0.0,0.0
17169973579350016,0.0,0.0,0.0
0,0.0,0.0,1.8818317337110833e-40
12441831765140766720,3.159155080819541e-38,5.111023063109066e-11,2.0463890149736753e-38
11783466114940946,9.183549615799121e-41,0.0,0.0
0,0.0,0.0,0.0
0,0.0,5.753732895816163e-39,0.0207844115793705
2029434582105325618,5.111023063109066e-11,1.5461366735974302e-39,8.436310012294841e-39
281552286187520,0.0,0.0,0.0
0,0.0,0.0,0.0
17169973579350016,0.0,0.0,0.0
0,0.0,0.0,1.063466564182915e-38
15107962744544100352,3.159155080819541e-38,5.111023063109066e-11,1.5461366735974302e-39
26138689927118866,9.183549615799121e-41,0.0,0.0
0,0.0,0.0,0.0
0,0.0,6.546542725380286e-39,4.506900837637274e-21
2029434582105325618,5.111023063109066e-11,6.137911481496991e-39,1.3028084820194402e-38
281552286187520,0.0,0.0,0.0
0,0.0,0.0,0.0
17169973579350016,0.0,0.0,0.0
0,0.0,0.0,9.375444828802226e-39
15324135526657884160,3.159155080819541e-38,5.111023063109066e-11,6.137911481496991e-39
40212438762651666,9.183549615799121e-41,0.0,0.0
0,0.0,0.0,0.0
0,0.0,4.233843943754001e-39,-1.0791883495006034e+32
2029434582105325618,5.111023063109066e-11,1.0729686289396551e-38,1.7619859628093962e-38
281552286187520,0.0,0.0,0.0
0,0.0,0.0,0.0
17169973579350016,0.0,0.0,0.0
0,0.0,0.0,1.2149556162269065e-38
18134381694137073664,3.159155080819541e-38,5.111023063109066e-11,1.0729686289396551e-38
54286187598184466,9.183549615799121e-41,0.0,0.0
0,0.0,0.0,0.0
0,0.0,8.691221617238633e-39,21.28323745727539
2029434582105325618,5.111023063109066e-11,1.5321461097296112e-38,2.2211634435993523e-38
281552286187520,0.0,0.0,0.0
0,0.0,0.0,0.0
17169973579350016,0.0,0.0,0.0
0,0.0,0.0,2.048029094696321e-38
14819732368392388608,3.159155080819541e-38,5.111023063109066e-11,1.5321461097296112e-38
68359936433717266,9.183549615799121e-41,0.0,0.0
0,0.0,0.0,0.0
0,0.0,3.6798910426279005e-39,-89268368.0
2029434582105325618,5.111023063109066e-11,1.9913235905195672e-38,3.2938809598542004e-39
281552286187520,0.0,0.0,0.0
0,0.0,0.0,0.0
17169973579350016,0.0,0.0,0.0
0,0.0,0.0,1.2174488064546332e-38
17413805753757794304,3.159155080819541e-38,5.111023063109066e-11,1.9913235905195672e-38
10377190742949906,9.183549615799121e-41,0.0,0.0
0,0.0,0.0,0.0
0,0.0,6.429520290624521e-39,41.06963348388672
5136145558014798892,2.503562461508846e-12,2.446719042648038e-12,2.446610405590355e-12
4038895591752618573,172.17318725585938,2.446719042648038e-12,2.446719042648038e-12
3183004988975231799,4.2729482963124735e-31,4.927668948269627e-28,1.1766422945242624e-40
3615933967246559959,3.080334284278813e-41,7.174648137343064e-43,4.039091094248021e-28
0,0.0,0.0,0.0
0,0.0,2.1882676818896343e-41,0.0
0,0.0,0.0,0.0
0,6.657709133853638e-41,-3344320954368.0,4.934694740706751e-28
329854330233033,2.3517664222922753e-38,3.116207524965528e-41,3.587324068671532e-43
1297037792194330624,0.0,0.0,0.0
0,0.0,0.0,0.0
43154,3.46479928217203e-15,4.927668948269627e-28,1.1766422945242624e-40
3615933967246572759,4.873996318614579e-41,7.174648137343064e-43,4.039091094248021e-28
0,0.0,0.0,0.0
0,0.0,2.1882676818896343e-41,0.0
0,0.0,0.0,0.0
0,6.525426558821376e-41,31937672.0,4.934694740706751e-28
329854330233033,2.355353746360947e-38,4.909869559301294e-41,3.587324068671532e-43
1297037792194330624,0.0,0.0,0.0
0,0.0,0.0,0.0
41998,64066174976.0,4.927668948269627e-28,1.1766422945242624e-40
3615933967246585559,6.595911871576914e-41,3.587324068671532e-43,4.039091094248021e-28
0,0.0,0.0,0.0
0,0.0,2.1882676818896343e-41,0.0
0,0.0,0.0,0.0
0,1.850134362448056e-41,-5.1884074835951977e-14,4.934694740706751e-28
329854330233033,2.3589410704296184e-38,6.631785112263629e-41,0.0
1297037792194330624,0.0,0.0,0.0
0,0.0,0.0,0.0
40050,-4.623937610853687e+22,4.927668948269627e-28,1.1766422945242624e-40
3615933967246598359,8.38957390591268e-41,3.587324068671532e-43,4.039091094248021e-28
0,0.0,0.0,0.0
0,0.0,2.1882676818896343e-41,0.0
0,0.0,0.0,0.0
0,4.907347222065509e-41,-2.136691490611695e-38,4.934694740706751e-28
329854330233033,2.36252839449829e-38,8.425447146599395e-41,0.0
1297037792194330624,0.0,0.0,0.0
0,0.0,0.0,0.0
16872,-0.0018666465766727924,4.927668948269627e-28,1.1766422945242624e-40
3615933967246611159,9.99826454295757e-42,3.587324068671532e-43,4.039091094248021e-28
0,0.0,0.0,0.0
0,0.0,2.1882676818896343e-41,0.0
0,0.0,0.0,0.0
0,5.352679874027936e-41,-2.3252605396706372e-10,4.934694740706751e-28
329854330233033,2.3661157185669614e-38,1.0356996949824723e-41,0.0
1297037792194330624,0.0,0.0,0.0
0,0.0,0.0,0.0
34423,138354351931392.0,4.927668948269627e-28,1.1766422945242624e-40
3615933967246558424,2.793488488631523e-41,3.587324068671532e-43,4.039091094248021e-28
0,0.0,0.0,0.0
0,0.0,2.1882676818896343e-41,0.0
0,0.0,0.0,0.0
0,7.146622168056567e-44,-715408675962880.0,4.934694740706751e-28
329854330233033,2.3513362236637276e-38,2.829361729318238e-41,0.0
1297037792194330624,0.0,0.0,0.0
0,0.0,0.0,0.0
25551,-2.0463440134175371e+24,4.927668948269627e-28,1.1766422945242624e-40
3615933967246571224,4.5871505229672887e-41,7.174648137343064e-43,4.039091094248021e-28
0,0.0,0.0,0.0
0,0.0,2.1882676818896343e-41,0.0
0,0.0,0.0,0.0
0,5.604212948374241e-41,-1.6074384015072177e+35,4.934694740706751e-28
329854330233033,2.354923547732399e-38,4.623023763654004e-41,3.587324068671532e-43
1297037792194330624,0.0,0.0,0.0
0,0.0,0.0,0.0
31279,4.305827155423617e-30,4.927668948269627e-28,1.1766422945242624e-40
3615933967246584024,6.41668579798977e-41,3.587324068671532e-43,4.039091094248021e-28
0,0.0,0.0,0.0
0,0.0,2.1882676818896343e-41,0.0
0,0.0,0.0,0.0
0,7.257745136277525e-41,4.608231559539886e-29,4.934694740706751e-28
329854330233033,2.3585108718010706e-38,6.452559038676485e-41,0.0
1297037792194330624,0.0,0.0,0.0
0,0.0,0.0,0.0
45446,6.3781638265854294e-27,4.927668948269627e-28,1.1766422945242624e-40
3615933967246596824,8.210347832325536e-41,3.587324068671532e-43,4.039091094248021e-28
0,0.0,0.0,0.0
0,0.0,2.1882676818896343e-41,0.0
0,0.0,0.0,0.0
0,2.6456515006452546e-42,1.0981754172689762e-08,4.934694740706751e-28
329854330233033,2.362098195869742e-38,8.246221073012251e-41,0.0
1297037792194330624,0.0,0.0,0.0
0,0.0,0.0,0.0
44662,-1.5440538587122126e-27,4.927668948269627e-28,1.1766422945242624e-40
3615933967246609624,8.206003807086129e-42,3.587324068671532e-43,4.039091094248021e-28
0,0.0,0.0,0.0
0,0.0,2.1882676818896343e-41,0.0
0,0.0,0.0,0.0
0,1.076617610140757e-41,5.543853139092057e-17,4.934694740706751e-28
329854330233033,2.3656855199384137e-38,8.564736213953282e-42,0.0
1297037792194330624,0.0,0.0,0.0
0,0.0,0.0,0.0
23428,9.358590363866761e+21,4.927668948269627e-28,1.1766422945242624e-40
3615933967246622424,2.6142624150443787e-41,3.587324068671532e-43,4.039091094248021e-28
0,0.0,0.0,0.0
0,0.0,2.1882676818896343e-41,0.0
0,0.0,0.0,0.0
0,9.839917816488865e-42,2.2316282407302744e-18,4.934694740706751e-28
329854330233033,2.369272844007085e-38,2.650135655731094e-41,0.0
1297037792194330624,0.0,0.0,0.0
0,0.0,0.0,0.0
58029,-1.7551277146840817e+23,4.927668948269627e-28,1.1766422945242624e-40
3615933967246569689,4.4079244493801446e-41,3.587324068671532e-43,4.039091094248021e-28
0,0.0,0.0,0.0
0,0.0,2.1882676818896343e-41,0.0
0,0.0,0.0,0.0
0,7.043346471235828e-41,-6.749002528145027e+22,4.934694740706751e-28
329854330233033,2.3544933491038514e-38,4.44379769006686e-41,0.0
1297037792194330624,0.0,0.0,0.0
0,0.0,0.0,0.0
20805,-3.548921141718729e-17,4.927668948269627e-28,1.1766422945242624e-40
3615933967246582489,6.20158648371591e-41,3.587324068671532e-43,4.039091094248021e-28
0,0.0,0.0,0.0
0,0.0,2.1882676818896343e-41,0.0
0,0.0,0.0,0.0
0,7.517125482024049e-41,7.291632645727328e-25,4.934694740706751e-28
329854330233033,2.358080673172523e-38,6.237459724402626e-41,0.0
1297037792194330624,0.0,0.0,0.0
0,0.0,0.0,0.0
19936,-365.3302001953125,4.927668948269627e-28,1.1766422945242624e-40
3615933967246595289,7.995248518051676e-41,3.587324068671532e-43,4.039091094248021e-28
0,0.0,0.0,0.0
0,0.0,2.1882676818896343e-41,0.0
0,0.0,0.0,0.0
0,8.371357025876457e-42,-6325.283203125,4.934694740706751e-28
329854330233033,2.3616679972411944e-38,8.031121758738392e-41,3.587324068671532e-43
1297037792194330624,0.0,0.0,0.0
0,0.0,0.0,0.0
36346,8.743146575947165e-29,4.927668948269627e-28,1.1766422945242624e-40
3615933967246608089,6.055010664347535e-42,7.174648137343064e-43,4.039091094248021e-28
0,0.0,0.0,0.0
0,0.0,2.1882676818896343e-41,0.0
0,0.0,0.0,0.0
0,8.373038584033647e-41,48933136.0,4.934694740706751e-28
329854330233033,2.365255321309866e-38,6.772475478081841e-42,0.0
1297037792194330624,0.0,0.0,0.0
0,0.0,0.0,0.0
46711,463137275904.0,4.927668948269627e-28,1.1766422945242624e-40
3615933967246620889,2.4350363414572346e-41,3.587324068671532e-43,4.039091094248021e-28
0,0.0,0.0,0.0
0,0.0,2.1882676818896343e-41,0.0
0,0.0,0.0,0.0
0,6.901254806953292e-41,-1.0331717396384637e-33,4.934694740706751e-28
329854330233033,2.3688426453785375e-38,2.47090958214395e-41,0.0
1297037792194330624,0.0,0.0,0.0
0,0.0,0.0,0.0
355,-5.017343485125281e-11,4.927668948269627e-28,1.1766422945242624e-40
3615933967246568154,4.2286983757930005e-41,3.587324068671532e-43,4.039091094248021e-28
0,0.0,0.0,0.0
0,0.0,2.1882676818896343e-41,0.0
0,0.0,0.0,0.0
0,2.5121077569950996e-41,-1.080713118994936e-08,4.934694740706751e-28
329854330233033,2.3540631504753037e-38,4.264571616479716e-41,0.0
1297037792194330624,0.0,0.0,0.0
0,0.0,0.0,0.0
18183,2.1894586097914726e-05,4.927668948269627e-28,1.1766422945242624e-40
3615933967246580954,6.022360410128766e-41,3.587324068671532e-43,4.039091094248021e-28
0,0.0,0.0,0.0
0,0.0,2.1882676818896343e-41,0.0
0,0.0,0.0,0.0
0,3.0493655882172344e-41,1.100982408785952e-32,4.934694740706751e-28
329854330233033,2.357650474543975e-38,6.058233650815482e-41,0.0
1297037792194330624,0.0,0.0,0.0
0,0.0,0.0,0.0
36727,-21.08313751220703,4.927668948269627e-28,1.1766422945242624e-40
3615933967246593754,7.816022444464532e-41,3.587324068671532e-43,4.039091094248021e-28
0,0.0,0.0,0.0
0,0.0,2.1882676818896343e-41,0.0
0,0.0,0.0,0.0
0,2.2160133914832657e-41,-5.676727143910654e-11,4.934694740706751e-28
329854330233033,2.3612377986126467e-38,7.851895685151247e-41,0.0
1297037792194330624,0.0,0.0,0.0
0,0.0,0.0,0.0
44472,-1.6768586647231132e-05,4.927668948269627e-28,1.1766422945242624e-40
3615933967246606554,4.2627499284760935e-42,3.587324068671532e-43,4.039091094248021e-28
0,0.0,0.0,0.0
0,0.0,2.1882676818896343e-41,0.0
0,0.0,0.0,0.0
0,4.536003129019433e-41,17500452421632.0,4.934694740706751e-28
329854330233033,2.364825122681318e-38,4.621482335343247e-42,0.0
1297037792194330624,0.0,0.0,0.0
0,0.0,0.0,0.0
37093,0.12904463708400726,835833920.0,2.446719042648038e-12
3182972002921884716,2.446718608967169e-12,1.0970290531986393e-05,4.321758635004983e-17
5567342133295983660,2.446719042648038e-12,2.4467264152228108e-12,3.043465436267101e-12
3966838573186030634,4.5962589629854e-43,4.608411023268025e-39,-528399.125
15708555766052945922,1.653040332142306e-39,0.0,0.0
0,0.0,0.0,0.0
61,0.0,0.0,0.0
0,0.0,0.0,0.0
782102092714,584.4435424804688,4.203895392974451e-43,4.608411023268025e-39
14483858919639744574,-5.902958807274498e+20,1.653040332142306e-39,0.0
0,0.0,0.0,0.0
0,0.0,0.0,2.802596928649634e-44
18146033872357432362,4.5962589629854e-43,4.608411023268025e-39,-528386.25
15780613574839238658,1.653040332142306e-39,0.0,0.0
0,0.0,0.0,0.0
61,0.0,0.0,0.0
0,0.0,0.0,0.0
563194220714,584.4435424804688,4.203895392974451e-43,4.608411023268025e-39
14483858034893258864,-5.902958807274498e+20,1.653040332142306e-39,0.0
0,0.0,0.0,0.0
0,0.0,0.0,1.2611686178923354e-43
12878645298612804650,4.5962589629854e-43,4.608411023268025e-39,-528389.375
15780613780997668865,1.653040332142306e-39,0.0,0.0
0,0.0,0.0,0.0
61,0.0,0.0,0.0
0,0.0,0.0,0.0
989064232362,584.4435424804688,4.203895392974451e-43,4.608411023268025e-39
14483858249641623712,-5.902958103587057e+20,1.653040332142306e-39,0.0
0,0.0,0.0,0.0
0,0.0,0.0,2.1159606811304738e-43
9509105053874658346,4.5962589629854e-43,4.608411023268025e-39,-528392.5
15780613995746033665,1.653040332142306e-39,0.0,0.0
0,0.0,0.0,0.0
61,0.0,0.0,0.0
0,0.0,0.0,0.0
530690491818,584.4435424804688,4.203895392974451e-43,4.608411023268025e-39
14483858464389988562,-5.902958103587057e+20,1.653040332142306e-39,0.0
0,0.0,0.0,0.0
0,0.0,0.0,1.1350517561031018e-43
11348401090167184426,4.5962589629854e-43,4.608411023268025e-39,-528395.625
15780613110999547905,1.653040332142306e-39,0.0,0.0
0,0.0,0.0,0.0
61,0.0,0.0,0.0
0,0.0,0.0,0.0
391068978346,584.4435424804688,4.203895392974451e-43,4.608411023268025e-39
14483858679138353156,-2.3611832414348226e+21,1.653040332142306e-39,0.0
0,0.0,0.0,0.0
0,0.0,0.0,1.6815581571897805e-43
5901067542932364330,4.5962589629854e-43,4.608411023268025e-39,-528398.75
15780613325747912705,1.653040332142306e-39,0.0,0.0
0,0.0,0.0,0.0
61,0.0,0.0,0.0
0,0.0,0.0,0.0
951226016938,584.4435424804688,4.203895392974451e-43,4.608411023268025e-39
14483858893886718006,-2.3611835229097993e+21,1.653040332142306e-39,0.0
0,0.0,0.0,0.0
0,0.0,0.0,8.407790785948902e-45
11141090371773275178,4.5962589629854e-43,4.608411023268025e-39,-528385.875
15852671134534205442,1.653040332142306e-39,0.0,0.0
0,0.0,0.0,0.0
61,0.0,0.0,0.0
0,0.0,0.0,0.0
815289359274,584.4435424804688,4.203895392974451e-43,4.608411023268025e-39
14483858009140232296,-2.3611835229097993e+21,1.653040332142306e-39,0.0
0,0.0,0.0,0.0
0,0.0,0.0,1.8357009882655104e-43
11498539402939997226,4.5962589629854e-43,4.608411023268025e-39,-528389.0
15852671353577537537,1.653040332142306e-39,0.0,0.0
0,0.0,0.0,0.0
61,0.0,0.0,0.0
0,0.0,0.0,0.0
1027261943466,584.4435424804688,4.203895392974451e-43,4.608411023268025e-39
14483858223888597147,-2.3611832414348226e+21,1.653040332142306e-39,0.0
0,0.0,0.0,0.0
0,0.0,0.0,2.7465449900766415e-43
9935633102079663146,4.5962589629854e-43,4.608411023268025e-39,-528392.125
15852671568325902337,1.653040332142306e-39,0.0,0.0
0,0.0,0.0,0.0
61,0.0,0.0,0.0
0,0.0,0.0,0.0
56440422570,584.4435424804688,4.203895392974451e-43,4.608411023268025e-39
14483858438636961997,-2.3611832414348226e+21,1.653040332142306e-39,0.0
0,0.0,0.0,0.0
0,0.0,0.0,2.5924021590009116e-43
1090849306947230762,4.5962589629854e-43,4.608411023268025e-39,-528395.25
15852671783074267137,1.653040332142306e-39,0.0,0.0
0,0.0,0.0,0.0
61,0.0,0.0,0.0
0,0.0,0.0,0.0
1028627148714,584.4435424804688,4.203895392974451e-43,4.608411023268025e-39
14483858653385326847,-2.3611832414348226e+21,1.653040332142306e-39,0.0
0,0.0,0.0,0.0
0,0.0,0.0,2.6484540975739043e-43
12838530716385025066,4.5962589629854e-43,4.608411023268025e-39,-528398.375
15852670898327781377,1.653040332142306e-39,0.0,0.0
0,0.0,0.0,0.0
61,0.0,0.0,0.0
0,0.0,0.0,0.0
780084804266,584.4435424804688,4.203895392974451e-43,4.608411023268025e-39
14483858868133691441,-9.44473296573929e+21,1.653040332142306e-39,0.0
0,0.0,0.0,0.0
0,0.0,0.0,3.194960498660583e-43
17625052277768330282,4.5962589629854e-43,4.608411023268025e-39,-528385.5
15924728707114074113,1.653040332142306e-39,0.0,0.0
0,0.0,0.0,0.0
61,0.0,0.0,0.0
0,0.0,0.0,0.0
88795469738,584.4435424804688,4.203895392974451e-43,4.608411023268025e-39
14483857983387205731,-9.44473296573929e+21,1.653040332142306e-39,0.0
0,0.0,0.0,0.0
0,0.0,0.0,1.7095841264762768e-43
10422472661603064874,4.5962589629854e-43,4.608411023268025e-39,-528388.625
15924728921862438913,1.653040332142306e-39,0.0,0.0
0,0.0,0.0,0.0
61,0.0,0.0,0.0
0,0.0,0.0,0.0
152362049706,584.4435424804688,4.203895392974451e-43,4.608411023268025e-39
14483858198135570581,-9.444734091639197e+21,1.653040332142306e-39,0.0
0,0.0,0.0,0.0
0,0.0,0.0,2.0178697886277366e-43
7388141626336615466,4.5962589629854e-43,4.608411023268025e-39,-528391.75
15924729136610803713,1.653040332142306e-39,0.0,0.0
0,0.0,0.0,0.0
61,0.0,0.0,0.0
0,0.0,0.0,0.0
718092573098,584.4435424804688,4.203895392974451e-43,4.608411023268025e-39
14483858412883935431,-9.444734091639197e+21,1.653040332142306e-39,0.0
0,0.0,0.0,0.0
0,0.0,0.0,3.279038406520072e-43
1914567134593293354,4.5962589629854e-43,4.608411023268025e-39,-528394.875
15924729351359168514,1.653040332142306e-39,0.0,0.0
0,0.0,0.0,0.0
61,0.0,0.0,0.0
0,0.0,0.0,0.0
585182423466,584.4435424804688,4.203895392974451e-43,4.608411023268025e-39
14483858627632300282,-9.44473296573929e+21,1.653040332142306e-39,0.0
0,0.0,0.0,0.0
0,0.0,0.0,2.802596928649634e-43
6426468074753498154,4.5962589629854e-43,4.608411023268025e-39,-528398.0
15924728470907650049,1.653040332142306e-39,0.0,0.0
0,0.0,0.0,0.0
61,0.0,0.0,0.0
0,0.0,0.0,0.0
546132978858,584.4435424804688,4.203895392974451e-43,4.608411023268025e-39
14483858842380664876,-3.777893186295716e+22,1.653040332142306e-39,0.0
0,0.0,0.0,0.0
0,0.0,0.0,2.045895757914233e-43
16549217533384858666,4.5962589629854e-43,4.608411023268025e-39,-528385.125
15996786279693942785,1.653040332142306e-39,0.0,0.0
0,0.0,0.0,0.0
61,0.0,0.0,0.0
0,0.0,0.0,0.0
628855964074,584.4435424804688,4.203895392974451e-43,4.608411023268025e-39
14483857957634179166,-3.777893186295716e+22,1.653040332142306e-39,0.0
0,0.0,0.0,0.0
0,0.0,0.0,3.1669345293740866e-43
9914929298128641066,4.5962589629854e-43,4.608411023268025e-39,-528388.25
15996786494442307585,1.653040332142306e-39,0.0,0.0
0,0.0,0.0,0.0
61,0.0,0.0,0.0
0,0.0,0.0,0.0
748745082794,584.4435424804688,4.203895392974451e-43,4.608411023268025e-39
14483858172382544016,-3.777893186295716e+22,1.653040332142306e-39,0.0
0,0.0,0.0,0.0
0,0.0,0.0,3.0968696061578457e-43
5788487447852751914,4.5962589629854e-43,4.608411023268025e-39,-528391.375
15996786709190672385,1.653040332142306e-39,0.0,0.0
0,0.0,0.0,0.0
61,0.0,0.0,0.0
0,0.0,0.0,0.0
802062140842,584.4435424804688,4.203895392974451e-43,4.608411023268025e-39
14483858387130908866,-3.777893186295716e+22,1.653040332142306e-39,0.0
0,0.0,0.0,0.0
0,0.0,0.0,3.517259145455291e-43
7140100599203372074,4.5962589629854e-43,4.608411023268025e-39,-528394.5
15996786923939037185,1.653040332142306e-39,0.0,0.0
0,0.0,0.0,0.0
61,0.0,0.0,0.0
0,0.0,0.0,0.0
740017103786,584.4435424804688,4.203895392974451e-43,4.608411023268025e-39
14483858601879273716,-3.777893186295716e+22,1.653040332142306e-39,0.0
0,0.0,0.0,0.0
0,0.0,0.0,3.923635700109488e-44
17669257567291721543,10.760784149169922,2.446719910009776e-12,2.446719042648038e-12
3182967604842543117,7.909723693162611e-33,220398813184.0,3.043574940686522e-12
3182967604875373612,722832000.0,4.261986674691798e-08,-1.7414579977712008e-13
3026418955095913006,1.158708630128018e+20,-3.1243722414882816e+16,3.9898639947466563e-16
144134979301933056,0.0,0.0,0.0
0,0.0,0.0,0.0
4395513236313604096,0.0,0.0,0.0
0,0.0,0.0,5.373251200599202e+23
12268951197993402369,1.8217749357674062e-12,1.158708630128018e+20,-3.1243722414882816e+16
2802927818101494272,2.350988701644575e-38,0.0,0.0
0,0.0,0.0,0.0
0,0.0,0.6829150319099426,-1.7414579977712008e-13
3026418955095913006,1.158708630128018e+20,3.4358590207868288e-31,505775348776960.0
144134979301933056,0.0,0.0,0.0
0,0.0,0.0,0.0
4395513236313604096,0.0,0.0,0.0
0,0.0,0.0,2.1152842540634756e+30
12268951197993402369,1.8217749357674062e-12,1.158708630128018e+20,3.4358590207868288e-31
6405807519997891072,2.350988701644575e-38,0.0,0.0
0,0.0,0.0,0.0
0,0.0,-567106624.0,-1.7414579977712008e-13
3026418955095913006,1.158708630128018e+20,0.435546875,-3.4606553688208144e-34
72077385264005120,0.0,0.0,0.0
0,0.0,0.0,0.0
4395513236313604096,0.0,0.0,0.0
0,0.0,0.0,8.773473755222666e-14
12268951197993402369,1.8217749357674062e-12,1.158708630128018e+20,0.435546875
9864572033801654784,2.350988701644575e-38,0.0,0.0
0,0.0,0.0,0.0
0,0.0,-112112.953125,-1.7414579977712008e-13
3026418955095913006,1.158708630128018e+20,5.521212575212796e+29,-0.000438690185546875
72077385264005120,0.0,0.0,0.0
0,0.0,0.0,0.0
4395513236313604096,0.0,0.0,0.0
0,0.0,0.0,-4.365425729935449e-32
12268951197993402369,1.8217749357674062e-12,1.158708630128018e+20,5.521212575212796e+29
13467451735698051584,2.350988701644575e-38,0.0,0.0
0,0.0,0.0,0.0
0,0.0,-1.0479968670374448e+27,-1.7414579977712008e-13
3026418955095913006,1.158708630128018e+20,-6.044427111606687e-18,-5.561058770227294e+26
72077385264005120,0.0,0.0,0.0
0,0.0,0.0,0.0
4395513236313604096,0.0,0.0,0.0
0,0.0,0.0,0.034116536378860474
12268951197993402369,1.8217749357674062e-12,1.158708630128018e+20,-6.044427111606687e-18
17070331437594448384,2.350988701644575e-38,0.0,0.0
0,0.0,0.0,0.0
0,0.0,-3.5100270644276673e-28,-1.7414579977712008e-13
3026418955095913006,1.158708630128018e+20,-7662221656064.0,6.1145190879919806e-21
72077385264005120,0.0,0.0,0.0
0,0.0,0.0,0.0
4395513236313604096,0.0,0.0,0.0
0,0.0,0.0,1.786921125246777e-33
12268951197993402369,1.8217749357674062e-12,1.158708630128018e+20,-7662221656064.0
2226748540758004224,2.350988701644575e-38,0.0,0.0
0,0.0,0.0,0.0
0,0.0,nan,-1.7414579977712008e-13
3026418955095913006,1.158708630128018e+20,8.425943506694157e-35,7751073792.0
144134979301933056,0.0,0.0,0.0
0,0.0,0.0,0.0
4395513236313604096,0.0,0.0,0.0
0,0.0,0.0,-3.898922097784793e-25
12268951197993402369,1.8217749357674062e-12,1.158708630128018e+20,8.425943506694157e-35
5829628242671178240,2.350988701644575e-38,0.0,0.0
0,0.0,0.0,0.0
0,0.0,16119657136128.0,-1.7414579977712008e-13
3026418955095913006,1.158708630128018e+20,0.0001068115234375,-8.485599844998388e-38
144134979301933056,0.0,0.0,0.0
0,0.0,0.0,0.0
4395513236313604096,0.0,0.0,0.0
0,0.0,0.0,-89619256.0
12268951197993402369,1.8217749357674062e-12,1.158708630128018e+20,0.0001068115234375
9432507944567575040,2.350988701644575e-38,0.0,0.0
0,0.0,0.0,0.0
0,0.0,8.059884775527912e+37,-1.7414579977712008e-13
3026418955095913006,1.158708630128018e+20,1.3539969179683847e+26,-4.302710294723511e-07
72077385264005120,0.0,0.0,0.0
0,0.0,0.0,0.0
4395513236313604096,0.0,0.0,0.0
0,0.0,0.0,3.2106280142745016e-32
12268951197993402369,1.8217749357674062e-12,1.158708630128018e+20,1.3539969179683847e+26
13107445240485122560,2.350988701644575e-38,0.0,0.0
0,0.0,0.0,0.0
0,0.0,1.0935647982284206e-16,-1.7414579977712008e-13
3026418955095913006,1.158708630128018e+20,-1.4823076576950256e-21,-5.45433328771444e+23
72077385264005120,0.0,0.0,0.0
0,0.0,0.0,0.0
4395513236313604096,0.0,0.0,0.0
0,0.0,0.0,-1.5007853521173006e+29
12268951197993402369,1.8217749357674062e-12,1.158708630128018e+20,-1.4823076576950256e-21
16710324942381519360,2.350988701644575e-38,0.0,0.0
0,0.0,0.0,0.0
0,0.0,1.1469958598785792e-27,-1.7414579977712008e-13
3026418955095913006,1.158708630128018e+20,-1879048192.0,5.997059441009451e-24
72077385264005120,0.0,0.0,0.0
0,0.0,0.0,0.0
4395513236313604096,0.0,0.0,0.0
0,0.0,0.0,-156695728.0
12268951197993402369,1.8217749357674062e-12,1.158708630128018e+20,-1879048192.0
1866742045545075200,2.350988701644575e-38,0.0,0.0
0,0.0,0.0,0.0
0,0.0,3.2142186454737695e-14,-1.7414579977712008e-13
3026418955095913006,1.158708630128018e+20,2.0662986635548023e-38,7602176.0
72077385264005120,0.0,0.0,0.0
0,0.0,0.0,0.0
4395513236313604096,0.0,0.0,0.0
0,0.0,0.0,6.040635290735467e+31
12268951197993402369,1.8217749357674062e-12,1.158708630128018e+20,2.0662986635548023e-38
5469621747441472000,2.350988701644575e-38,0.0,0.0
0,0.0,0.0,0.0
0,0.0,-1.3696024053485889e+22,-1.7414579977712008e-13
3026418955095913006,1.158708630128018e+20,2.6193447411060333e-08,9.63690296944064e+36
72077385264005120,0.0,0.0,0.0
0,0.0,0.0,0.0
4395513236313604096,0.0,0.0,0.0
0,0.0,0.0,-1.012273907661438
12268951197993402369,1.8217749357674062e-12,1.158708630128018e+20,2.6193447411060333e-08
9072501449354646016,2.350988701644575e-38,0.0,0.0
0,0.0,0.0,0.0
0,0.0,8.44940040897042e-26,-1.7414579977712008e-13
3026418955095913006,1.158708630128018e+20,3.3204139332677193e+22,-1.0550138540565968e-10
72077385264005120,0.0,0.0,0.0
0,0.0,0.0,0.0
4395513236313604096,0.0,0.0,0.0
0,0.0,0.0,-1.1255809515125038e-36
12268951197993402369,1.8217749357674062e-12,1.158708630128018e+20,3.3204139332677193e+22
12675381151251042816,2.350988701644575e-38,0.0,0.0
0,0.0,0.0,0.0
0,0.0,3.4773305518779157e-19,-1.7414579977712008e-13
3026418955095913006,1.158708630128018e+20,-3.6350710512584224e-25,-1.3373889453439425e+20
144134979301933056,0.0,0.0,0.0
0,0.0,0.0,0.0
4395513236313604096,0.0,0.0,0.0
0,0.0,0.0,-4.9479317308559655e+31
12268951197993402369,1.8217749357674062e-12,1.158708630128018e+20,-3.6350710512584224e-25
16278260853147439616,2.350988701644575e-38,0.0,0.0
0,0.0,0.0,0.0
0,0.0,2.2224857807159424,-1.7414579977712008e-13
3026418955095913006,1.158708630128018e+20,-460800.0,5.881746909327864e-27
72077385264005120,0.0,0.0,0.0
0,0.0,0.0,0.0
4395513236313604096,0.0,0.0,0.0
0,0.0,0.0,1.2502266986775863e-25
12268951197993402369,1.8217749357674062e-12,1.158708630128018e+20,-460800.0
1506735550332146176,2.350988701644575e-38,0.0,0.0
0,0.0,0.0,0.0
0,0.0,-7292049.5,-1.7414579977712008e-13
3026418955095913006,1.158708630128018e+20,-5.841333965851681e+35,7456.0
72077385264005120,0.0,0.0,0.0
0,0.0,0.0,0.0
4395513236313604096,0.0,0.0,0.0
0,0.0,0.0,-0.005615233443677425
12268951197993402369,1.8217749357674062e-12,1.158708630128018e+20,-5.841333965851681e+35
5109615252228542976,2.350988701644575e-38,0.0,0.0
0,0.0,0.0,0.0
0,0.0,-2.2998039879258192e+27,-1.7414579977712008e-13
3026418955095913006,1.158708630128018e+20,6.423306331271306e-12,9.451602875301678e+33
72077385264005120,0.0,0.0,0.0
0,0.0,0.0,0.0
4395513236313604096,0.0,0.0,0.0
0,0.0,0.0,9.094912191389152e-27
12268951197993402369,1.8217749357674062e-12,1.158708630128018e+20,6.423306331271306e-12
8712494954124939776,2.350988701644575e-38,0.0,0.0
0,0.0,0.0,0.0
0,0.0,3.3359587739143334e+25,-1.7414579977712008e-13
3026418955095913006,1.158708630128018e+20,8.142508126285857e+18,-1.0347278589506459e-13
72077385264005120,0.0,0.0,0.0
0,0.0,0.0,0.0
4395513236313604096,0.0,0.0,0.0
0,0.0,0.0,-2.844829490459365e-35
12268951197993402369,1.8217749357674062e-12,1.158708630128018e+20,8.142508126285857e+18
12315374656021336576,2.350988701644575e-38,0.0,0.0
0,0.0,0.0,0.0
0,0.0,2.3025545370607834e+21,-1.7414579977712008e-13
3026418955095913006,1.158708630128018e+20,-8.914128228997433e-29,-1.311673391471657e+17
72077385264005120,0.0,0.0,0.0
0,0.0,0.0,0.0
4395513236313604096,0.0,0.0,0.0
0,0.0,0.0,-8.517199733983734e+21
12268951197993402369,1.8217749357674062e-12,1.158708630128018e+20,-8.914128228997433e-29
15918254357917733376,2.350988701644575e-38,0.0,0.0
0,0.0,0.0,0.0
0,0.0,-4.908526890038539e+19,4.321754995410288e-17
5134433618410351660,6.263600749178977e-10,2.446719042648038e-12,2.4189105579663917e-12
939603360935464259,2.4490505109997507e-12,2.446719042648038e-12,2.446719042648038e-12
3192537934439069453,1.639600973298829e-32,5.624828165360588e-22,3.6734338593042917e-38
3341891929653830144,1.2778048332607996e-39,1.8369621568834027e-40,9.183549615799121e-41
0,0.0,0.0,0.0
0,0.0,5.601965265637464e-39,0.0
0,0.0,0.0,0.0
0,5.9175713109665565e-40,1.5704257377373918e+21,7.510799961981491e-22
84442708539656449,1.7897159778602272e-38,1.3696403294187908e-39,9.186071953034906e-41
281474976710656,0.0,0.0,0.0
0,0.0,0.0,0.0
10586090,1.2098119814979436e-12,5.624828165360588e-22,3.6734338593042917e-38
3341891929657106944,5.86957964116036e-39,1.8369621568834027e-40,9.183549615799121e-41
0,0.0,0.0,0.0
0,0.0,5.601965265637464e-39,0.0
0,0.0,0.0,0.0
0,2.095409237852686e-38,357073472.0,7.510799961981491e-22
84442708539656449,2.2488934586501832e-38,5.961415137318351e-39,9.186071953034906e-41
281474976710656,0.0,0.0,0.0
0,0.0,0.0,0.0
13712961,-1.8027603350549095e-20,5.624828165360588e-22,3.6734338593042917e-38
3341891929643606784,1.0277683456743938e-38,9.186071953034906e-41,9.183549615799121e-41
0,0.0,0.0,0.0
0,0.0,5.601965265637464e-39,0.0
0,0.0,0.0,0.0
0,1.22557073235386e-38,-4.0029320637178445e-36,7.510799961981491e-22
84442708539656449,3.57118111036251e-39,1.036951895290193e-38,2.5223372357846707e-44
281474976710656,0.0,0.0,0.0
0,0.0,0.0,0.0
7416055,-2.4537902152146747e+19,5.624828165360588e-22,3.6734338593042917e-38
3341891929646883584,1.48694582646435e-38,9.186071953034906e-41,9.183549615799121e-41
0,0.0,0.0,0.0
0,0.0,5.601965265637464e-39,0.0
0,0.0,0.0,0.0
0,1.7666294455306294e-38,-1.6467107383737234e+27,7.510799961981491e-22
84442708539656449,8.16295591826207e-39,1.496129376080149e-38,2.5223372357846707e-44
281474976710656,0.0,0.0,0.0
0,0.0,0.0,0.0
10411118,-1.8903312210905368e-14,5.624828165360588e-22,3.6734338593042917e-38
3341891929650160384,1.946123307254306e-38,9.186071953034906e-41,9.183549615799121e-41
0,0.0,0.0,0.0
0,0.0,5.601965265637464e-39,0.0
0,0.0,0.0,0.0
0,7.734796178979944e-39,9.815160860858699e+19,7.510799961981491e-22
84442708539656449,1.275473072616163e-38,1.955306856870105e-38,2.5223372357846707e-44
281474976710656,0.0,0.0,0.0
0,0.0,0.0,0.0
13231450,-4.215579490236732e+29,5.624828165360588e-22,3.6734338593042917e-38
3341891929653437184,5.4347959640373705e-40,9.186071953034906e-41,9.183549615799121e-41
0,0.0,0.0,0.0
0,0.0,5.601965265637464e-39,0.0
0,0.0,0.0,0.0
0,8.574622374619094e-39,-1.0291942114835771e+26,7.510799961981491e-22
84442708539656449,1.7346505534061192e-38,6.353150925617283e-40,2.5223372357846707e-44
281474976710656,0.0,0.0,0.0
0,0.0,0.0,0.0
13209813,-7.561324884362147e-14,5.624828165360588e-22,3.6734338593042917e-38
3341891929656713984,5.1352544043032976e-39,1.8369621568834027e-40,9.183549615799121e-41
0,0.0,0.0,0.0
0,0.0,5.601965265637464e-39,0.0
0,0.0,0.0,0.0
0,2.2141729260802215e-38,348704.5625,7.510799961981491e-22
84442708539656449,2.1938280341960752e-38,5.227089900461289e-39,9.186071953034906e-41
281474976710656,0.0,0.0,0.0
0,0.0,0.0,0.0
