timestamp,lat,lon,alt,quality
7093013700904838502,2.5824378071505696e+214,5.83728066400166e-310,0.0,0.0
0,2.8527919536056827e+180,1.0986839546134273e-89,3.4792903e-317,0.0
0,0.0,0.0,0.0,0.0
0,0.0,0.0,0.0,0.0
5568137989290196992,4.162727634e-315,0.0,0.0,0.0
0,0.0,6.37086796321504e-310,1.06099789553e-313,1.14906474074635e-43
4626322717216342016,0.0,0.0,0.0,0.0
0,0.0,0.0,0.0,0.0
0,0.0,0.0,0.0,0.0
0,0.0,0.0,0.0,6.098450916741604e-42
59589319012608,0.0,0.0,0.0,214748364800.0
3472648241226470480,2.5960516e-317,0.0,0.0,0.0
0,0.0,0.0,0.0,0.0
0,0.0,0.0,0.0,0.0
0,0.0,2.579564281584319e-57,6.375470807242067e-67,1.2240929159190728e-08
3545232527137849651,4.74295079e-315,0.0,0.0,0.0
0,6.646433771263023e-66,3.70079189097364e-33,2.088043144734e-312,0.0
0,1.398770697789802e-76,1.7965746858003484e-52,2.37e-322,0.0
0,0.0,0.0,0.0,0.0
0,0.0,0.0,0.0,0.0
0,0.0,0.0,0.0,0.0
0,0.0,0.0,0.0,0.0
0,0.0,0.0,0.0,0.0
0,0.0,0.0,0.0,0.0
0,0.0,0.0,0.0,0.0
0,0.0,0.0,0.0,0.0
0,0.0,0.0,0.0,0.0
0,0.0,0.0,0.0,0.0
0,0.0,7.291414822961872e-304,2.484606260876504e-309,7.454907830208027e-41
5066553875814169,5e-324,0.0,0.0,0.0
0,3e-322,0.0,0.0,0.0
0,1.8465408831898116e-173,3.619511442150166e-86,1.128901761372016e-309,7.716390123651038e-41
4296146944,0.0,0.0,0.0,0.0
0,1.3100653509227563e-240,7.291414822961872e-304,2.484606260876504e-309,7.461914322529651e-41
5066553875814219,5e-324,0.0,0.0,0.0
0,3e-322,0.0,0.0,0.0
0,1.8465406368217534e-173,3.619511442150166e-86,1.1299627592675e-309,7.723396615972662e-41
4296146945,0.0,0.0,0.0,0.0
0,1.2190315773363574e+114,7.291414822961872e-304,2.484606260876504e-309,7.468920814851275e-41
5066558170781565,5e-324,0.0,0.0,0.0
0,3e-322,0.0,0.0,0.0
0,1.8465407166429416e-173,3.619511442150166e-86,1.13102375716298e-309,7.730403108294286e-41
4296146945,0.0,0.0,0.0,0.0
0,-8.358545444467988e-70,7.291414822961872e-304,2.484606260876504e-309,7.475927307172899e-41
5066558170781615,5e-324,0.0,0.0,0.0
0,3e-322,0.0,0.0,0.0
0,1.8465400743550646e-173,3.619511442150166e-86,1.132084755058464e-309,7.73740960061591e-41
4296146945,0.0,0.0,0.0,0.0
0,-4.846355491686406e+260,7.291414822961872e-304,2.484606260876504e-309,7.482933799494523e-41
5066558170781665,5e-324,0.0,0.0,0.0
0,3e-322,0.0,0.0,0.0
0,1.846541021006727e-173,3.619511442150166e-86,1.133145752953947e-309,7.744416092937534e-41
4296146945,0.0,0.0,0.0,0.0
0,3.577643150199522e-192,7.291414822961872e-304,2.484606260876504e-309,7.489940291816147e-41
5066553875814420,5e-324,0.0,0.0,0.0
0,3e-322,0.0,0.0,0.0
0,1.846541405326585e-173,3.619511442150166e-86,1.13420675084943e-309,7.751562715105591e-41
4296146944,0.0,0.0,0.0,0.0
0,5.742160804386036e+239,7.291414822961872e-304,2.484606260876504e-309,7.496946784137771e-41
5066553875814470,5e-324,0.0,0.0,0.0
0,3e-322,0.0,0.0,0.0
0,1.846540883211309e-173,3.619511442150166e-86,1.13526774874491e-309,7.758569207427215e-41
4296146944,0.0,0.0,0.0,0.0
0,4.130585317442813e+205,7.291414822961872e-304,2.484606260876504e-309,7.503953276459395e-41
5066553875814520,5e-324,0.0,0.0,0.0
0,3e-322,0.0,0.0,0.0
0,1.846541392471362e-173,3.619511442150166e-86,1.136328746640395e-309,7.765575699748839e-41
4296146944,0.0,0.0,0.0,0.0
0,6827413504.0,7.291414822961872e-304,2.484606260876504e-309,7.51095976878102e-41
5066553875814570,5e-324,0.0,0.0,0.0
0,3e-322,0.0,0.0,0.0
0,1.846540280522647e-173,3.619511442150166e-86,1.13738974453588e-309,7.772582192070463e-41
4296146944,0.0,0.0,0.0,0.0
0,1.817733538706237e-77,7.291414822961872e-304,2.484606260876504e-309,7.517966261102644e-41
5066553875814620,5e-324,0.0,0.0,0.0
0,3e-322,0.0,0.0,0.0
0,1.846540502379136e-173,3.619511442150166e-86,1.13845074243136e-309,7.779588684392087e-41
4296146945,0.0,0.0,0.0,0.0
0,8.337469138154468e+85,7.291414822961872e-304,2.484606260876504e-309,7.524972753424268e-41
5066558170781966,5e-324,0.0,0.0,0.0
0,3e-322,0.0,0.0,0.0
0,1.8465408658546507e-173,3.619511442150166e-86,1.139511740326843e-309,7.786595176713711e-41
4296146945,0.0,0.0,0.0,0.0
0,8.736019568652112e-287,7.291414822961872e-304,2.484606260876504e-309,7.531979245745892e-41
5066558170782016,5e-324,0.0,0.0,0.0
0,3e-322,0.0,0.0,0.0
0,1.846541239247526e-173,3.619511442150166e-86,1.140572738222325e-309,7.793601669035335e-41
4296146945,0.0,0.0,0.0,0.0
0,-1.77998173151527e+36,7.291414822961872e-304,2.484606260876504e-309,7.538985738067516e-41
5066553875814771,5e-324,0.0,0.0,0.0
0,3e-322,0.0,0.0,0.0
0,1.846540614086124e-173,3.619511442150166e-86,1.14163373611781e-309,7.800748291203392e-41
4296146944,0.0,0.0,0.0,0.0
0,2.3990974364329906e+66,7.291414822961872e-304,2.484606260876504e-309,7.54599223038914e-41
5066553875814821,5e-324,0.0,0.0,0.0
0,3e-322,0.0,0.0,0.0
0,1.8465414708935133e-173,3.619511442150166e-86,1.14269473401329e-309,7.807754783525016e-41
4296146944,0.0,0.0,0.0,0.0
0,-1.5187897030896074e-150,7.291414822961872e-304,2.484606260876504e-309,7.552998722710764e-41
5066553875814871,5e-324,0.0,0.0,0.0
0,3e-322,0.0,0.0,0.0
0,1.8465411871952654e-173,3.619511442150166e-86,1.143755731908773e-309,7.81476127584664e-41
4296146944,0.0,0.0,0.0,0.0
0,2.7637421701878743e+261,7.291414822961872e-304,2.484606260876504e-309,7.560005215032388e-41
5066553875814921,5e-324,0.0,0.0,0.0
0,3e-322,0.0,0.0,0.0
0,1.8465407972494093e-173,3.619511442150166e-86,1.144816729804256e-309,7.821767768168264e-41
4296146944,0.0,0.0,0.0,0.0
0,1.843358550275059e-198,7.291414822961872e-304,2.484606260876504e-309,7.567011707354012e-41
5066553875814971,5e-324,0.0,0.0,0.0
0,3e-322,0.0,0.0,0.0
0,1.8465411558894807e-173,3.619511442150166e-86,1.14587772769974e-309,7.828774260489888e-41
4296146944,0.0,0.0,0.0,0.0
0,1.468863417187573e+226,6.6140368361357686e-96,6.5947521171676365e-96,2.446719042648038e-12
5126233327748459052,4.152188196905097e-95,6.5947378298252455e-96,5.308954354334486e-245,6.205628429552527e-28
3602958871028574748,1.0898411819627605e-304,5.535606294009369e-222,1.265e-321,0.0
0,0.0,0.0,7.7153e-320,0.0
0,0.0,0.0,1.1433800737840514e-220,3.555374463684926e-41
128739815880403969,1.5054849754661158e-304,5.433801254426e-312,0.0,0.0
0,0.0,0.0,-5.023362546327973e+91,6.205624096210152e-28
3602958871028574748,1.1009665512552965e-304,5.535606294025094e-222,1.265e-321,0.0
0,0.0,0.0,7.7153e-320,0.0
0,0.0,0.0,1.143360098701969e-220,3.555374463684926e-41
128739815880403969,1.5166103447612422e-304,5.433801254426e-312,0.0,0.0
0,0.0,0.0,2.99102532977151e+146,6.205648651816943e-28
3602958871028574748,1.1120919205478325e-304,5.534255487237745e-222,1.265e-321,0.0
0,0.0,0.0,7.7153e-320,0.0
0,0.0,0.0,1.1435153441509945e-220,3.555374463684926e-41
128739815880403969,1.527290699284667e-304,5.43380125316e-312,0.0,0.0
0,0.0,0.0,4.995290812348667e-306,6.205745911279134e-28
3602958871028574748,1.1232172898403685e-304,5.53425548725347e-222,1.265e-321,0.0
0,0.0,0.0,7.7153e-320,0.0
0,0.0,0.0,1.1433606407948868e-220,3.555374463684926e-41
128739815880403969,1.5384160685797934e-304,5.43380125316e-312,0.0,0.0
0,0.0,0.0,7.328880198852335e-119,6.205659725914123e-28
3602958871028574748,1.1343426591329045e-304,5.534255487269196e-222,1.265e-321,0.0
0,0.0,0.0,7.7153e-320,0.0
0,0.0,0.0,1.1434914163185288e-220,3.555374463684926e-41
128739815880403969,1.5495414378749197e-304,5.43380125316e-312,0.0,0.0
0,0.0,0.0,-3.5647130780125164e+279,6.205705948232788e-28
3602958871028574748,1.1454680284254405e-304,5.534255487284921e-222,1.265e-321,0.0
0,0.0,0.0,7.7153e-320,0.0
0,0.0,0.0,1.143365524810283e-220,3.555374463684926e-41
128739815880403969,1.560666807170046e-304,5.43380125316e-312,0.0,0.0
0,0.0,0.0,8.039474699883263e+176,6.205657799984179e-28
3602958871028574748,1.1565933977179765e-304,5.535606294103093e-222,1.265e-321,0.0
0,0.0,0.0,7.7153e-320,0.0
0,0.0,0.0,1.1433737723711735e-220,3.555374463684926e-41
128739815880403969,1.5717921764651724e-304,5.433801254426e-312,0.0,0.0
0,0.0,0.0,-21324512624640.0,6.205655874054234e-28
3602958871028574748,1.1677187670105125e-304,5.535606294118818e-222,1.265e-321,0.0
0,0.0,0.0,7.7153e-320,0.0
0,0.0,0.0,1.1434827648194611e-220,3.555374463684926e-41
128739815880403969,1.5829175457602987e-304,5.433801254426e-312,0.0,0.0
0,0.0,0.0,-3.407393490571936e-168,6.205705948232788e-28
3602958871028574748,1.1788441363030485e-304,5.534255487332412e-222,1.265e-321,0.0
0,0.0,0.0,7.7153e-320,0.0
0,0.0,0.0,1.1433741338321383e-220,3.555374463684926e-41
128739815880403969,1.5942654224412758e-304,5.43380125316e-312,0.0,0.0
0,0.0,0.0,-1.2249362922728752e+300,6.2056327628949015e-28
3602958871028574748,1.1899695055955845e-304,5.534255487348138e-222,1.265e-321,0.0
0,0.0,0.0,7.7153e-320,0.0
0,0.0,0.0,1.1435003630957074e-220,3.555374463684926e-41
128739815880403969,1.6053907917364021e-304,5.43380125316e-312,0.0,0.0
0,0.0,0.0,-9.745215497240413e-131,6.205696318583066e-28
3602958871028574748,1.2010948748881205e-304,5.534255487363863e-222,1.265e-321,0.0
0,0.0,0.0,7.7153e-320,0.0
0,0.0,0.0,1.1434253089942147e-220,3.555374463684926e-41
128739815880403969,1.6165161610315284e-304,5.43380125316e-312,0.0,0.0
0,0.0,0.0,-1.4237880265301692e+123,6.205677059283622e-28
3602958871028574748,1.2122202441806565e-304,5.534255487379589e-222,1.265e-321,0.0
0,0.0,0.0,7.7153e-320,0.0
0,0.0,0.0,1.143364140088447e-220,3.555374463684926e-41
128739815880403969,1.6276415303266548e-304,5.43380125316e-312,0.0,0.0
0,0.0,0.0,-1.3746263313541406e+259,6.205658281466665e-28
3602958871028574748,1.2233456134731925e-304,5.534255487395314e-222,1.265e-321,0.0
0,0.0,0.0,7.7153e-320,0.0
0,0.0,0.0,1.143440141375711e-220,3.555374463684926e-41
128739815880403969,1.6387668996217811e-304,5.43380125316e-312,0.0,0.0
0,0.0,0.0,-7.750338076236352e+257,6.205666466668928e-28
3602958871028574748,1.2344709827657285e-304,5.535606294213485e-222,1.265e-321,0.0
0,0.0,0.0,7.7153e-320,0.0
0,0.0,0.0,1.1434512317626712e-220,3.555374463684926e-41
128739815880403969,1.6498922689169074e-304,5.433801254426e-312,0.0,0.0
0,0.0,0.0,-4.983609722155882e-244,6.205700170442955e-28
3602958871028574748,1.2455963520582645e-304,5.535606294229211e-222,1.265e-321,0.0
0,0.0,0.0,7.7153e-320,0.0
0,0.0,0.0,1.1434685775605796e-220,3.555374463684926e-41
128739815880403969,1.6610176382120338e-304,5.433801254426e-312,0.0,0.0
0,0.0,0.0,1.2558281991488452e-223,6.2056525036768315e-28
3602958871028574748,1.2567217213508006e-304,5.534255487442805e-222,1.265e-321,0.0
0,0.0,0.0,7.7153e-320,0.0
0,0.0,0.0,1.14349943160928e-220,3.555374463684926e-41
128739815880403969,1.6723655148930108e-304,5.43380125316e-312,0.0,0.0
0,0.0,0.0,7.261797528285889e-187,6.2056375777197625e-28
3602958871028574748,1.2678470906433366e-304,5.53425548745853e-222,1.265e-321,0.0
0,0.0,0.0,7.7153e-320,0.0
0,0.0,0.0,1.143502641374763e-220,3.555374463684926e-41
128739815880403969,1.6834908841881372e-304,5.43380125316e-312,0.0,0.0
0,0.0,0.0,3.5480092578114505e-19,6.205741096454273e-28
3602958871028574748,1.2789724599358726e-304,5.534255487474256e-222,1.265e-321,0.0
0,0.0,0.0,7.7153e-320,0.0
0,0.0,0.0,1.1435348028823109e-220,3.555374463684926e-41
128739815880403969,1.6946162534832635e-304,5.43380125316e-312,0.0,0.0
0,0.0,0.0,-8.290855981738024e-195,6.205654911089262e-28
3602958871028574748,1.2900978292284086e-304,5.534255487489981e-222,1.265e-321,0.0
0,0.0,0.0,7.7153e-320,0.0
0,0.0,0.0,1.1434965565564322e-220,3.555374463684926e-41
128739815880403969,1.7057416227783898e-304,5.43380125316e-312,0.0,0.0
0,0.0,0.0,3.69020003862082e-260,6.205721837154829e-28
3602958871028574748,1.3012231985209446e-304,5.534255487505707e-222,1.265e-321,0.0
0,0.0,0.0,7.7153e-320,0.0
0,0.0,0.0,1.1435267833557999e-220,3.555374463684926e-41
128739815880403969,1.7168669920735162e-304,5.43380125316e-312,0.0,0.0
0,0.0,0.0,-8.62040831216561e+168,835260544.0
3182967604876756807,6.594737829826097e-96,4.480299095151603e-135,1.2922902325043478e+107,2.446719042648038e-12
3192537754083535916,6.14834741407255e+22,2.670523216037409e-307,-1.9539894776774897e+111,-3.8370668825196626e+18
281552286253056,0.0,0.0,0.0,0.0
17169973579350016,0.0,0.0,0.0,0.0
10932769570418589696,8.504078201277463e-307,-2.8866888214094267e+45,-2.7471403247769445e+146,9.183549615799121e-41
65554,0.0,0.0,0.0,0.0
0,6.250821805688083e+22,2.670523216037409e-307,-1.683436962380012e+112,-4.863887597560136e+18
281552286253056,0.0,0.0,0.0,0.0
17169973579350016,0.0,0.0,0.0,0.0
16696251193545981952,8.504078201348885e-307,-2.8866888214094267e+45,-2.397504168204721e+147,9.183549615799121e-41
65554,0.0,0.0,0.0,0.0
0,6.240825559440274e+22,2.670523216037409e-307,-1.4429458740944258e+113,-6.593269854470406e+18
281552286187520,0.0,0.0,0.0,0.0
17169973579350016,0.0,0.0,0.0,0.0
10606821547387650048,8.50407820129318e-307,-2.8866888214094267e+45,-1.9180033354941304e+148,0.0
65554,0.0,0.0,0.0,0.0
0,6.165728541869024e+22,2.670523216037409e-307,-1.2313147916184198e+114,-8.394709705418605e+18
281552286187520,0.0,0.0,0.0,0.0
17169973579350016,0.0,0.0,0.0,0.0
14738029780569948160,8.504078201344517e-307,-2.8866888214094267e+45,-1.6622694897605302e+149,0.0
65554,0.0,0.0,0.0,0.0
0,6.364800109737491e+22,2.670523216037409e-307,-1.1081831026584686e+115,-1.116892707587883e+19
281552286187520,0.0,0.0,0.0,0.0
17169973579350016,0.0,0.0,0.0,0.0
3933049849577996288,8.504078201302094e-307,-2.8866888214094267e+45,-1.4321090489006049e+150,0.0
65554,0.0,0.0,0.0,0.0
0,6.370894595652796e+22,2.670523216037409e-307,-9.85051497617761e+115,-1.4771806777775227e+19
281552286187520,0.0,0.0,0.0,0.0
17169973579350016,0.0,0.0,0.0,0.0
3674937295934324736,8.504078201264518e-307,-2.8866888214094267e+45,-1.2275220047942285e+151,0.0
65554,0.0,0.0,0.0,0.0
0,6.3391364476463315e+22,2.670523216037409e-307,-8.668452104869978e+116,-1.8374686479671624e+19
281552286253056,0.0,0.0,0.0,0.0
17169973579350016,0.0,0.0,0.0,0.0
4151192956528754688,8.504078201350779e-307,-2.8866888214094267e+45,-1.0474858382219915e+152,9.183549615799121e-41
65554,0.0,0.0,0.0,0.0
0,6.299614209660855e+22,2.670523216037409e-307,-7.565193783038294e+117,-2.5652503477502345e+19
281552286187520,0.0,0.0,0.0,0.0
17169973579350016,0.0,0.0,0.0,0.0
5893523062367715328,8.504078201292938e-307,-2.8866888214094267e+45,-9.951114203663245e+152,0.0
65554,0.0,0.0,0.0,0.0
0,6.371575753386637e+22,2.670523216037409e-307,-6.5565007057444845e+118,-3.285826288129514e+19
281552286187520,0.0,0.0,0.0,0.0
17169973579350016,0.0,0.0,0.0,0.0
6919499352478056448,8.504078201274778e-307,-2.8866888214094267e+45,-8.79887936342974e+153,0.0
65554,0.0,0.0,0.0,0.0
0,6.364654396134386e+22,2.670523216037409e-307,-5.648677108046667e+119,-4.323455642275676e+19
281552286187520,0.0,0.0,0.0,0.0
17169973579350016,0.0,0.0,0.0,0.0
224617031415103488,8.504078201301874e-307,-2.8866888214094267e+45,-7.709493891143108e+154,0.0
65554,0.0,0.0,0.0,0.0
0,6.3727862880910765e+22,2.670523216037409e-307,-4.841722921198197e+120,-5.764607523034235e+19
281552286187520,0.0,0.0,0.0,0.0
17169973579350016,0.0,0.0,0.0,0.0
7933935168543260672,8.50407820126504e-307,-2.8866888214094267e+45,-6.703907433233939e+155,0.0
65554,0.0,0.0,0.0,0.0
0,6.1583542813187144e+22,2.670523216037409e-307,-4.131606844595444e+121,-7.205759403792794e+19
281552286187520,0.0,0.0,0.0,0.0
17169973579350016,0.0,0.0,0.0,0.0
6324179776735019008,8.504078201291251e-307,-2.8866888214094267e+45,-5.792175802842713e+156,0.0
65554,0.0,0.0,0.0,0.0
0,6.171950077672333e+22,2.670523216037409e-307,-3.71844545617026e+122,-9.915124939618884e+19
281552286187520,0.0,0.0,0.0,0.0
17169973579350016,0.0,0.0,0.0,0.0
10146891435442438144,8.504078201289711e-307,-2.8866888214094267e+45,-4.97698052727862e+157,0.0
65554,0.0,0.0,0.0,0.0
0,6.3076475170960244e+22,2.670523216037409e-307,-3.3052843493313325e+123,-1.2797428701136001e+20
281552286187520,0.0,0.0,0.0,0.0
17169973579350016,0.0,0.0,0.0,0.0
6203427011726147584,8.50407820133046e-307,-2.8866888214094267e+45,-4.2561763298264557e+158,9.183549615799121e-41
65554,0.0,0.0,0.0,0.0
0,6.3429741220090255e+22,2.670523216037409e-307,-2.9086498669811654e+124,-1.6602069666338596e+20
281552286253056,0.0,0.0,0.0,0.0
17169973579350016,0.0,0.0,0.0,0.0
7559573449518088192,8.50407820127401e-307,-2.8866888214094267e+45,-3.954126303665332e+159,0.0
65554,0.0,0.0,0.0,0.0
0,6.337676047440139e+22,2.670523216037409e-307,-2.538457803597812e+125,-2.2481969339833516e+20
281552286187520,0.0,0.0,0.0,0.0
17169973579350016,0.0,0.0,0.0,0.0
7043629817207455744,8.50407820131984e-307,-2.8866888214094267e+45,-3.514778685176822e+160,0.0
65554,0.0,0.0,0.0,0.0
0,6.224559744893843e+22,2.670523216037409e-307,-2.1999965708885532e+126,-2.824657686286775e+20
281552286187520,0.0,0.0,0.0,0.0
17169973579350016,0.0,0.0,0.0,0.0
524106406635241472,8.504078201273767e-307,-2.8866888214094267e+45,-3.0930050619371025e+161,0.0
65554,0.0,0.0,0.0,0.0
0,6.308062396808094e+22,2.670523216037409e-307,-1.8953815191190854e+127,-3.850757825386869e+20
281552286187520,0.0,0.0,0.0,0.0
17169973579350016,0.0,0.0,0.0,0.0
95982967058333696,8.504078201290905e-307,-2.8866888214094267e+45,-2.699349740586198e+162,0.0
65554,0.0,0.0,0.0,0.0
0,6.294726116369785e+22,2.670523216037409e-307,-1.6246126252218627e+128,-5.003679329993716e+20
281552286187520,0.0,0.0,0.0,0.0
17169973579350016,0.0,0.0,0.0,0.0
14284573593089081344,8.504078201299664e-307,-2.8866888214094267e+45,-2.3394363452981713e+163,0.0
65554,0.0,0.0,0.0,0.0
0,6.268865562312514e+22,2.670523216037409e-307,-1.3863372091771238e+129,-6.410243565614069e+20
281552286187520,0.0,0.0,0.0,0.0
17169973579350016,0.0,0.0,0.0,0.0
8250031567389327360,8.504078201301547e-307,-2.8866888214094267e+45,-2.0155143185019073e+164,0.0
65554,0.0,0.0,0.0,0.0
0,5.1966025000669805e+34,6.594738124304712e-96,6.594737830043253e-96,1.5291994016550237e-13
5930755979406555191,6.594887846925275e-96,3.7976520952315724e+68,-3.5496565366694227e-106,1.3861920509020131e-13
6930531853359185920,7.106910988748398e-15,7.32316313744236e-304,0.0,0.0
0,0.0,7.105427357601002e-15,0.0,0.0
0,0.0,-1.3684555315672042e-48,2.648506472914249e+169,1.8332002582610585e-12
17437939721592254976,7.292695161985181e-304,8.2913227e-317,0.0,0.0
0,0.0,0.0,-3.6036542205800945e-103,1.3861920509020131e-13
6930531853359185920,4.738899387121037e+226,7.32316313744236e-304,0.0,0.0
0,0.0,7.105427357601002e-15,0.0,0.0
0,0.0,-3.13151306251402e-294,2.648506472674241e+169,1.8332002582610585e-12
2594075349779100160,7.292696520062489e-304,8.2913227e-317,0.0,0.0
0,0.0,0.0,-1.0752831826080205e-105,1.3861920509020131e-13
6930531853359185920,-2.276581063842242e-159,7.323163110280813e-304,0.0,0.0
0,0.0,7.105427357601002e-15,0.0,0.0
0,0.0,-2.1245519712670684e+183,2.6485064708472745e+169,1.8332002582610585e-12
6196955051675496960,4.808972962357e-312,8.2913227e-317,0.0,0.0
0,0.0,0.0,-9.247254136855122e-106,1.3861920509020131e-13
6930531853359185920,-1.5180278218276346e+82,7.323163110280813e-304,0.0,0.0
0,0.0,7.105427357601002e-15,0.0,0.0
0,0.0,2.974033816955566e+284,2.6485064696126644e+169,1.8332002582610585e-12
9799834753571893760,4.813117485386e-312,8.2913227e-317,0.0,0.0
0,0.0,0.0,-2.1271035610158682e-103,1.3861920509020131e-13
6930531853359185920,3.132169263496098e-294,7.323163110280815e-304,0.0,0.0
0,0.0,7.105427357601002e-15,0.0,0.0
0,0.0,2.218135755296652e+130,2.648506468358508e+169,1.8332002582610585e-12
13402714455468290560,4.817262008416e-312,8.2913227e-317,0.0,0.0
0,0.0,0.0,-1.6682631033551524e-102,1.3861920509020131e-13
6930531853359185920,2.088535374459919e-53,7.323163110280815e-304,0.0,0.0
0,0.0,7.105427357601002e-15,0.0,0.0
0,0.0,-9.526820527087379e+139,2.6485064688849027e+169,1.8332002582610585e-12
17005594157364687360,7.292701898048621e-304,8.2913227e-317,0.0,0.0
0,0.0,0.0,-7.253010552192413e-106,1.3861920509020131e-13
6930531853359185920,1.3926386613926103e+188,7.323163137442361e-304,0.0,0.0
0,0.0,7.105427357601002e-15,0.0,0.0
0,0.0,-7.105427357601002e-15,2.6485064700830974e+169,1.8332002582610585e-12
2161729785551532544,7.292703256125929e-304,8.2913227e-317,0.0,0.0
0,0.0,0.0,-2.803665947601132e-106,1.3861920509020131e-13
6930531853359185920,-1.8831454723631283e-183,7.323163110280815e-304,0.0,0.0
0,0.0,7.105427357601002e-15,0.0,0.0
0,0.0,-4.737909217226285e+226,2.6485064698095654e+169,1.8332002582610585e-12
5764609487447929344,4.82977846797e-312,8.2913227e-317,0.0,0.0
0,0.0,0.0,-3.8168611891077204e-104,1.3861920509020131e-13
6930531853359185920,-1.255684352733231e+58,7.323163110280815e-304,0.0,0.0
0,0.0,7.105427357601002e-15,0.0,0.0
0,0.0,4.5767114681873503e-246,2.648506470897547e+169,1.8332002582610585e-12
9367489189344326144,4.833922991e-312,8.2913227e-317,0.0,0.0
0,0.0,0.0,-4.384037292796699e-104,1.3861920509020131e-13
6930531853359185920,-8.372922946416824e+298,7.323163110280815e-304,0.0,0.0
0,0.0,7.105427357601002e-15,0.0,0.0
0,0.0,-4.737909217226285e+226,2.6485064719485777e+169,1.8332002582610585e-12
12970368891240722944,4.838067514027e-312,8.2913227e-317,0.0,0.0
0,0.0,0.0,-2.1745430051650609e-103,1.3861920509020131e-13
6930531853359185920,1.7275975789961697e-77,7.323163110280816e-304,0.0,0.0
0,0.0,7.105427357601002e-15,0.0,0.0
0,0.0,-2.088097429759528e-53,2.648506470778227e+169,1.8332002582610585e-12
16573248593137119744,4.842212037056e-312,8.2913227e-317,0.0,0.0
0,0.0,0.0,-1.0937343866323102e-102,1.3861920509020131e-13
6930531853359185920,1.1519647736204023e+164,7.323163110280816e-304,0.0,0.0
0,0.0,7.105427357601002e-15,0.0,0.0
0,0.0,2.37636445786895e-212,2.6485064700081723e+169,1.8332002582610585e-12
1729384221323964928,4.84635656009e-312,8.2913227e-317,0.0,0.0
0,0.0,0.0,-4.3114847166219965e-106,1.3861920509020131e-13
6930531853359185920,-2.376865960347829e-212,7.323163110280816e-304,0.0,0.0
0,0.0,7.105427357601002e-15,0.0,0.0
0,0.0,4.1986725672294305e-140,2.648506470202858e+169,1.8332002582610585e-12
5332263923220361728,7.292711431751314e-304,8.2913227e-317,0.0,0.0
0,0.0,0.0,-8.71925642319597e-102,1.3861920509020131e-13
6930531853359185920,-1.584897948009921e+29,7.323163110280816e-304,0.0,0.0
0,0.0,7.105427357601002e-15,0.0,0.0
0,0.0,-7.745183829698637e-121,2.6485064686468417e+169,1.8332002582610585e-12
8935143625116758528,7.29271278982862e-304,8.2913227e-317,0.0,0.0
0,0.0,0.0,-5.484289451242351e-102,1.3861920509020131e-13
6930531853359185920,-1.056812436002231e+270,7.323163137442363e-304,0.0,0.0
0,0.0,7.105427357601002e-15,0.0,0.0
0,0.0,-3.785766995733679e-270,2.648506468996951e+169,1.8332002582610585e-12
12538023327013155328,4.85887301964e-312,8.2913227e-317,0.0,0.0
0,0.0,0.0,-1.9345957785615298e-104,1.3861920509020131e-13
6930531853359185920,1.4290365542516293e-101,7.323163110280818e-304,0.0,0.0
0,0.0,7.105427357601002e-15,0.0,0.0
0,0.0,5.486124068793689e+303,2.648506473268907e+169,1.8332002582610585e-12
16140903028909552128,4.86301754267e-312,8.2913227e-317,0.0,0.0
0,0.0,0.0,-2.4650640333396993e-103,1.3861920509020131e-13
6930531853359185920,9.528838143371363e+139,7.323163110280818e-304,0.0,0.0
0,0.0,7.105427357601002e-15,0.0,0.0
0,0.0,-5.5329046628180653e-222,2.6485064709332674e+169,1.8332002582610585e-12
1297038657096397312,4.8671620657e-312,8.2913227e-317,0.0,0.0
0,0.0,0.0,-5.267531937993964e-102,1.3861920509020131e-13
6930531853359185920,-1.9660992717215446e-236,7.323163110280818e-304,0.0,0.0
0,0.0,7.105427357601002e-15,0.0,0.0
0,0.0,-4.021529366771898e-87,2.648506469658038e+169,1.8332002582610585e-12
4899918358992794112,4.87130658873e-312,8.2913227e-317,0.0,0.0
0,0.0,0.0,-2.4923999658594643e-102,1.3861920509020131e-13
6930531853359185920,-131099.8076172008,7.323163110280818e-304,0.0,0.0
0,0.0,7.105427357601002e-15,0.0,0.0
0,0.0,-2.524354896707238e-29,2.648506468207027e+169,1.8332002582610585e-12
8502798060889190912,4.87545111176e-312,8.2913227e-317,0.0,0.0
0,0.0,0.0,-7.558747256658551e-103,1.3861920509020131e-13
6930531853359185920,-8.741755721325883e+245,7.323163110280818e-304,0.0,0.0
0,0.0,7.105427357601002e-15,0.0,0.0
0,0.0,-9.363352709384397e-97,2.6485064730798796e+169,1.8332002582610585e-12
12105677762785587712,4.87959563479e-312,8.2913227e-317,0.0,0.0
0,0.0,0.0,2.283839492739133e-131,51022.27734375
3471197981027085377,6.5947378298252455e-96,1.247748301697982e+69,6.6331422074329306e-96,2.446719042648038e-12
3050674511850253356,1.846540041626324e-173,3.619597351285768e-86,1.21059859932418e-309,8.256030162262525e-41
4296146946,0.0,0.0,0.0,0.0
261993005056,0.0,0.0,0.0,0.0
16758144240671784960,7.291811164242919e-304,2.484606260876365e-309,1.250237480402784e-309,1.653040332142306e-39
1,0.0,0.0,0.0,0.0
0,1.8465407873356654e-173,3.619597351285768e-86,1.21165959721966e-309,8.263036654584149e-41
4296146946,0.0,0.0,0.0,0.0
261993005056,0.0,0.0,0.0,0.0
15102493081741557760,7.291811164242919e-304,2.484606260876365e-309,1.251298478298513e-309,1.653040332142306e-39
1,0.0,0.0,0.0,0.0
0,1.846540663117707e-173,3.619597351285768e-86,1.212720595115145e-309,8.269762887212908e-41
4296146945,0.0,0.0,0.0,0.0
261993005056,0.0,0.0,0.0,0.0
11713797935698280448,7.291811164242919e-304,2.484606260876365e-309,1.252317036278424e-309,1.6530389308438418e-39
1,0.0,0.0,0.0,0.0
0,1.846540721949502e-173,3.619597351285768e-86,1.213781593010627e-309,8.276769379534532e-41
4296146945,0.0,0.0,0.0,0.0
261993005056,0.0,0.0,0.0,0.0
8550755191656284160,7.291811164242919e-304,2.484606260876365e-309,1.253378034174153e-309,1.6530389308438418e-39
1,0.0,0.0,0.0,0.0
0,1.846540744530563e-173,3.619597351285768e-86,1.21484259090611e-309,8.283775871856156e-41
4296146945,0.0,0.0,0.0,0.0
261993005056,0.0,0.0,0.0,0.0
14464729934804811776,7.291811164242919e-304,2.484606260876365e-309,1.254439032069883e-309,1.6530389308438418e-39
1,0.0,0.0,0.0,0.0
0,1.8465406707625875e-173,3.619597351285768e-86,1.215903588801593e-309,8.29078236417778e-41
4296146945,0.0,0.0,0.0,0.0
261993005056,0.0,0.0,0.0,0.0
11273376321125744640,7.291811164242919e-304,2.484606260876365e-309,1.255500029965613e-309,1.6530389308438418e-39
1,0.0,0.0,0.0,0.0
0,1.8465407011243133e-173,3.619597351285768e-86,1.216964586697075e-309,8.297788856499404e-41
4296146946,0.0,0.0,0.0,0.0
261993005056,0.0,0.0,0.0,0.0
16380983371200724992,7.291811164242919e-304,2.484606260876365e-309,1.25656102786134e-309,1.653040332142306e-39
1,0.0,0.0,0.0,0.0
0,1.846540605067465e-173,3.619597351285768e-86,1.21802558459256e-309,8.304795348821028e-41
4296146946,0.0,0.0,0.0,0.0
261993005056,0.0,0.0,0.0,0.0
7489392498490474496,7.291811164242919e-304,2.484606260876365e-309,1.25762202575707e-309,1.653040332142306e-39
1,0.0,0.0,0.0,0.0
0,1.8465401289443012e-173,3.619597351285768e-86,1.21908658248804e-309,8.311941970989085e-41
4296146945,0.0,0.0,0.0,0.0
261993005056,0.0,0.0,0.0,0.0
10499058459993964544,7.291811164242919e-304,2.484606260876365e-309,1.25870424361071e-309,1.6530389308438418e-39
1,0.0,0.0,0.0,0.0
0,1.8465410182974025e-173,3.619597351285768e-86,1.220147580383523e-309,8.318948463310709e-41
4296146945,0.0,0.0,0.0,0.0
261993005056,0.0,0.0,0.0,0.0
538165788805169152,7.291811164242919e-304,2.484606260876365e-309,1.25976524150644e-309,1.6530389308438418e-39
1,0.0,0.0,0.0,0.0
0,1.8465410338941586e-173,3.619597351285768e-86,1.221208578279006e-309,8.325954955632333e-41
4296146945,0.0,0.0,0.0,0.0
261993005056,0.0,0.0,0.0,0.0
14658959282326732800,7.291811164242919e-304,2.484606260876365e-309,1.26082623940217e-309,1.6530389308438418e-39
1,0.0,0.0,0.0,0.0
0,1.8465406302644896e-173,3.619597351285768e-86,1.22226957617449e-309,8.332961447953957e-41
4296146945,0.0,0.0,0.0,0.0
261993005056,0.0,0.0,0.0,0.0
15968425571709353984,7.291811164242919e-304,2.484606260876365e-309,1.2618872372979e-309,1.6530389308438418e-39
1,0.0,0.0,0.0,0.0
0,1.8465409547602703e-173,3.619597351285768e-86,1.22333057406997e-309,8.339967940275581e-41
4296146945,0.0,0.0,0.0,0.0
261993005056,0.0,0.0,0.0,0.0
3572060111796961280,7.291811164242919e-304,2.484606260876365e-309,1.26294823519363e-309,1.653040332142306e-39
1,0.0,0.0,0.0,0.0
0,1.846540657040808e-173,3.619597351285768e-86,1.224391571965454e-309,8.346974432597205e-41
4296146945,0.0,0.0,0.0,0.0
261993005056,0.0,0.0,0.0,0.0
17834746568725495808,7.291811164242919e-304,2.484606260876365e-309,1.26400923308936e-309,1.653040332142306e-39
1,0.0,0.0,0.0,0.0
0,1.8465414225900858e-173,3.619597351285768e-86,1.225452569860936e-309,8.353980924918829e-41
4296146946,0.0,0.0,0.0,0.0
261993005056,0.0,0.0,0.0,0.0
1378414795249680384,7.291811164242919e-304,2.484606260876365e-309,1.26507023098509e-309,1.653040332142306e-39
1,0.0,0.0,0.0,0.0
0,1.846540301818595e-173,3.619597351285768e-86,1.22651356775642e-309,8.361127547086886e-41
4296146945,0.0,0.0,0.0,0.0
261993005056,0.0,0.0,0.0,0.0
4955395646782701568,7.291811164242919e-304,2.484606260876365e-309,1.26615244883873e-309,1.6530389308438418e-39
1,0.0,0.0,0.0,0.0
0,1.8465401951799846e-173,3.619597351285768e-86,1.2275745656519e-309,8.36813403940851e-41
4296146945,0.0,0.0,0.0,0.0
261993005056,0.0,0.0,0.0,0.0
18374607018481680384,7.291811164242919e-304,2.484606260876365e-309,1.26721344673446e-309,1.6530389308438418e-39
1,0.0,0.0,0.0,0.0
0,1.84654045580103e-173,3.619597351285768e-86,1.228635563547384e-309,8.375140531730134e-41
4296146945,0.0,0.0,0.0,0.0
261993005056,0.0,0.0,0.0,0.0
12620269316302962688,7.291811164242919e-304,2.484606260876365e-309,1.26827444463019e-309,1.6530389308438418e-39
1,0.0,0.0,0.0,0.0
0,1.8465405097872733e-173,3.619597351285768e-86,1.229696561442867e-309,8.382147024051758e-41
4296146945,0.0,0.0,0.0,0.0
261993005056,0.0,0.0,0.0,0.0
15006301297668259840,7.291811164242919e-304,2.484606260876365e-309,1.26933544252592e-309,1.6530389308438418e-39
1,0.0,0.0,0.0,0.0
0,1.8465411055626066e-173,3.619597351285768e-86,1.23075755933835e-309,8.389153516373382e-41
4296146945,0.0,0.0,0.0,0.0
261993005056,0.0,0.0,0.0,0.0
17499834639710158848,7.291811164242919e-304,2.484606260876365e-309,1.270396440421647e-309,1.6530389308438418e-39
1,0.0,0.0,0.0,0.0
0,3.144236938020133e+35,6.594737829829739e-96,6.594737829825249e-96,4.36698755947873e-05
4849622869902363149,6.594737832114325e-96,1.2983661494063843e+107,1.1433313637160418e-220,1.5105997445421528e-41
128739815880411137,2.9678035184916443e-304,5.43380125569e-312,0.0,0.0
0,0.0,3.31370862717137e-310,0.0,0.0
0,0.0,-3.236311346060276e-210,5.3839428634528e-310,7.46058592682175e-09
63826650022371374,5.534255488465274e-222,1.265e-321,0.0,0.0
0,0.0,0.0,1.1433599539713187e-220,1.5105997445421528e-41
128739815880411137,2.990054257081897e-304,5.43380125569e-312,0.0,0.0
0,0.0,3.31370862717137e-310,0.0,0.0
0,0.0,1.3590144929960155e+290,5.38394286345176e-310,7.46058592682175e-09
63881625603760174,5.534255488481e-222,1.265e-321,0.0,0.0
0,0.0,0.0,1.1434564849325315e-220,1.5105997445421528e-41
128739815880411137,3.0114149661287467e-304,5.433801254426e-312,0.0,0.0
0,0.0,3.31370862717137e-310,0.0,0.0
0,0.0,-1.7226071474200394e+219,5.3839428634545e-310,7.46058592682175e-09
63936601185148974,5.53290468169365e-222,1.265e-321,0.0,0.0
0,0.0,0.0,1.1435119613826464e-220,1.5105997445421528e-41
128739815880411137,3.0336657047189994e-304,5.433801254426e-312,0.0,0.0
0,0.0,3.31370862717137e-310,0.0,0.0
0,0.0,1.2514736560733369e+238,5.3839428634596e-310,7.46058592682175e-09
63991576766537774,5.532904681709376e-222,1.265e-321,0.0,0.0
0,0.0,0.0,1.143465077911951e-220,1.5105997445421528e-41
128739815880411137,3.055916443309252e-304,5.433801254426e-312,0.0,0.0
0,0.0,3.31370862717137e-310,0.0,0.0
0,0.0,2.0417343019745669e+266,5.3839428634527e-310,7.46058592682175e-09
64046552347926574,5.532904681725101e-222,1.265e-321,0.0,0.0
0,0.0,0.0,1.1435257983788022e-220,1.5105997445421528e-41
128739815880411137,3.0781671818995047e-304,5.433801254426e-312,0.0,0.0
0,0.0,3.31370862717137e-310,0.0,0.0
0,0.0,-1.1936914774436597e-234,5.3839428634595e-310,7.46058592682175e-09
64101527929315374,5.532904681740827e-222,1.265e-321,0.0,0.0
0,0.0,0.0,1.1434662608697333e-220,1.5105997445421528e-41
128739815880411137,3.1004179204897574e-304,5.43380125569e-312,0.0,0.0
0,0.0,3.31370862717137e-310,0.0,0.0
0,0.0,2.1575573605434136e-144,5.3839428634515e-310,7.46058592682175e-09
64156503510704174,5.534255488558998e-222,1.265e-321,0.0,0.0
0,0.0,0.0,1.1434412811372375e-220,1.5105997445421528e-41
128739815880411137,3.12266865908001e-304,5.43380125569e-312,0.0,0.0
0,0.0,3.31370862717137e-310,0.0,0.0
0,0.0,6.343517217942204e+252,5.3839428634587e-310,7.46058592682175e-09
64211479092092974,5.534255488574724e-222,1.265e-321,0.0,0.0
0,0.0,0.0,1.1434397360782e-220,1.5105997445421528e-41
128739815880411137,3.145364412441964e-304,5.433801254426e-312,0.0,0.0
0,0.0,3.31370862717137e-310,0.0,0.0
0,0.0,-6.504925468564473e+168,5.3839428634493e-310,7.46058592682175e-09
64266454673481774,5.532904681788318e-222,1.265e-321,0.0,0.0
0,0.0,0.0,1.1433463252442233e-220,1.5105997445421528e-41
128739815880411137,3.167615151032217e-304,5.433801254426e-312,0.0,0.0
0,0.0,3.31370862717137e-310,0.0,0.0
0,0.0,-4.750100436976843e-260,5.38394286344904e-310,7.46058592682175e-09
64321430254870574,5.532904681804043e-222,1.265e-321,0.0,0.0
0,0.0,0.0,1.1433474229792165e-220,1.5105997445421528e-41
128739815880411137,3.1898658896224695e-304,5.433801254426e-312,0.0,0.0
0,0.0,3.31370862717137e-310,0.0,0.0
0,0.0,1.5193135626180452e+152,5.38394286345685e-310,7.46058592682175e-09
64376405836259374,5.532904681819769e-222,1.265e-321,0.0,0.0
0,0.0,0.0,1.1433882053050302e-220,1.5105997445421528e-41
128739815880411137,3.212116628212722e-304,5.433801254426e-312,0.0,0.0
0,0.0,3.31370862717137e-310,0.0,0.0
0,0.0,-2.0954057707636862e-50,5.38394286345196e-310,7.46058592682175e-09
64431381417648174,5.532904681835494e-222,1.265e-321,0.0,0.0
0,0.0,0.0,1.1433862021716712e-220,1.5105997445421528e-41
128739815880411137,3.234367366802975e-304,5.433801254426e-312,0.0,0.0
0,0.0,3.31370862717137e-310,0.0,0.0
0,0.0,-1.9296272287155872e+195,5.38394286344805e-310,7.46058592682175e-09
64486356999036974,5.534255488653665e-222,1.265e-321,0.0,0.0
0,0.0,0.0,1.1434007139293375e-220,1.5105997445421528e-41
128739815880411137,3.2566181053932275e-304,5.433801254426e-312,0.0,0.0
0,0.0,3.31370862717137e-310,0.0,0.0
0,0.0,-1.036266910307486e+204,5.3839428634601e-310,7.46058592682175e-09
64541332580425774,5.534255488669391e-222,1.265e-321,0.0,0.0
0,0.0,0.0,1.1434509623471313e-220,1.5105997445421528e-41
128739815880411137,3.27886884398348e-304,5.43380125569e-312,0.0,0.0
0,0.0,3.31370862717137e-310,0.0,0.0
0,0.0,1.2799228168075285e+130,5.3839428634592e-310,7.46058592682175e-09
64596308161814574,5.534255488685116e-222,1.265e-321,0.0,0.0
0,0.0,0.0,1.1434294236540437e-220,1.5105997445421528e-41
128739815880411137,3.3015645973454343e-304,5.433801254426e-312,0.0,0.0
0,0.0,3.31370862717137e-310,0.0,0.0
0,0.0,3.190063455274463e+247,5.38394286346016e-310,7.46058592682175e-09
64651283743203374,5.53290468189871e-222,1.265e-321,0.0,0.0
0,0.0,0.0,1.1434451519722106e-220,1.5105997445421528e-41
128739815880411137,3.323815335935687e-304,5.433801254426e-312,0.0,0.0
0,0.0,3.31370862717137e-310,0.0,0.0
0,0.0,6.495064283594323e+274,5.3839428634571e-310,7.46058592682175e-09
64706259324592174,5.532904681914436e-222,1.265e-321,0.0,0.0
0,0.0,0.0,1.1434746831446708e-220,1.5105997445421528e-41
128739815880411137,3.3460660745259396e-304,5.433801254426e-312,0.0,0.0
0,0.0,3.31370862717137e-310,0.0,0.0
0,0.0,1.1227388506133492e-104,5.3839428634491e-310,7.46058592682175e-09
64761234905980974,5.532904681930161e-222,1.265e-321,0.0,0.0
0,0.0,0.0,1.1434257750248144e-220,1.5105997445421528e-41
128739815880411137,3.3683168131161923e-304,5.433801254426e-312,0.0,0.0
0,0.0,3.31370862717137e-310,0.0,0.0
0,0.0,-9.23090729090921e+215,5.3839428634595e-310,7.46058592682175e-09
64816210487369774,5.532904681945887e-222,1.265e-321,0.0,0.0
0,0.0,0.0,1.1434885158812647e-220,1.5105997445421528e-41
128739815880411137,3.390567551706445e-304,5.433801254426e-312,0.0,0.0
0,0.0,3.31370862717137e-310,0.0,0.0
0,0.0,-1.0676874129196739e-31,5.38394286345023e-310,7.46058592682175e-09
64871186068758574,5.532904681961612e-222,1.265e-321,0.0,0.0
0,0.0,0.0,1.2478056905062474e+69,2.7466516474422553e-12
3182972002921884716,5.868088439782795e-43,3.012223293320411e+64,6.594738415829542e-96,2.446719042648038e-12
3977569445497154604,7.261988501977853e-308,-2.886688822572501e+45,-4.744346556740056e+221,1.8367099231598242e-40
65554,0.0,0.0,0.0,0.0
3997696,0.0,0.0,0.0,0.0
4948048294813368320,7.788844973038339e-308,-3.5352581870001367e+186,1.39069088625871e-309,9.186071953034906e-41
0,0.0,0.0,0.0,0.0
10893363073679097856,7.261988502040038e-308,-2.886688822572501e+45,-4.156951034210751e+222,1.8367099231598242e-40
65554,0.0,0.0,0.0,0.0
3997696,0.0,0.0,0.0,0.0
4947905708347883520,7.788844973038339e-308,-3.045760671457857e+187,1.390690902448254e-309,9.186071953034906e-41
0,0.0,0.0,0.0,0.0
17658895613896425472,7.261988502000896e-308,-2.886688822572501e+45,-3.3255608290518443e+223,9.183549615799121e-41
65554,0.0,0.0,0.0,0.0
3997696,0.0,0.0,0.0,0.0
4947913953447968768,7.788844973038339e-308,-2.610651834652484e+188,1.9756423215e-314,9.186071953034906e-41
0,0.0,0.0,0.0,0.0
11377500033621426176,7.261988502011097e-308,-2.886688822572501e+45,-2.8917918880854474e+224,9.183549615799121e-41
65554,0.0,0.0,0.0,0.0
3997696,0.0,0.0,0.0,0.0
4947995650248343552,7.788844973038339e-308,-2.227758003598554e+189,1.977261276e-314,9.186071953034906e-41
0,0.0,0.0,0.0,0.0
2619124658292654080,7.261988502039184e-308,-2.886688822572501e+45,-2.4985080903435355e+225,9.183549615799121e-41
65554,0.0,0.0,0.0,0.0
3997696,0.0,0.0,0.0,0.0
4947858691415343104,7.788844973038339e-308,-2.004981823661177e+190,1.97888023e-314,9.186071953034906e-41
0,0.0,0.0,0.0,0.0
2338494106512130048,7.261988501979515e-308,-2.886688822572501e+45,-2.1468661361749705e+226,9.183549615799121e-41
65554,0.0,0.0,0.0,0.0
3997696,0.0,0.0,0.0,0.0
4947818497024131072,7.788844973038339e-308,-1.7822057955548086e+191,1.9804991844e-314,9.186071953034906e-41
0,0.0,0.0,0.0,0.0
2242792614430507008,7.261988501980947e-308,-2.886688822572501e+45,-1.83594064006009e+227,1.8367099231598242e-40
65554,0.0,0.0,0.0,0.0
3997696,0.0,0.0,0.0,0.0
4948031214388051968,7.788844973038339e-308,-1.5683409057445405e+192,1.39069098274839e-309,9.186071953034906e-41
0,0.0,0.0,0.0,0.0
16171863311934029824,7.261988502016321e-308,-2.886688822572501e+45,-1.6108904443759148e+228,1.8367099231598242e-40
65554,0.0,0.0,0.0,0.0
3997696,0.0,0.0,0.0,0.0
4948023194653163520,7.788844973038339e-308,-1.3687337400361872e+193,1.39069099893793e-309,9.186071953034906e-41
0,0.0,0.0,0.0,0.0
8726005753007046656,7.26198850198997e-308,-2.886688822572501e+45,-1.516131998810098e+229,9.183549615799121e-41
65554,0.0,0.0,0.0,0.0
3997696,0.0,0.0,0.0,0.0
4948039002682490880,7.788844973038339e-308,-1.1862358043813937e+194,1.9853884264e-314,9.186071953034906e-41
0,0.0,0.0,0.0,0.0
6229041234606817280,7.261988502037074e-308,-2.886688822572501e+45,-1.3341960757150747e+230,9.183549615799121e-41
65554,0.0,0.0,0.0,0.0
3997696,0.0,0.0,0.0,0.0
4947959717381603328,7.788844973038339e-308,-1.0219876933870701e+195,1.9870073807e-314,9.186071953034906e-41
0,0.0,0.0,0.0,0.0
8201054921441673216,7.261988501983122e-308,-2.886688822572501e+45,-1.1643892419056568e+231,9.183549615799121e-41
65554,0.0,0.0,0.0,0.0
3997696,0.0,0.0,0.0,0.0
4947797081711181824,7.788844973038339e-308,-8.759893946152202e+195,1.988626335e-314,9.186071953034906e-41
0,0.0,0.0,0.0,0.0
7864692324272439296,7.261988502035742e-308,-2.886688822572501e+45,-1.0091372985914032e+232,9.183549615799121e-41
65554,0.0,0.0,0.0,0.0
3997696,0.0,0.0,0.0,0.0
4947921813224357888,7.788844973038339e-308,-7.475115444420344e+196,1.9902452894e-314,9.186071953034906e-41
0,0.0,0.0,0.0,0.0
4156540981086257152,7.261988501984026e-308,-2.886688822572501e+45,-8.694105629266247e+232,9.183549615799121e-41
65554,0.0,0.0,0.0,0.0
3997696,0.0,0.0,0.0,0.0
4947842295446175744,7.788844973038339e-308,-6.727602626327495e+197,1.9918642437e-314,9.186071953034906e-41
0,0.0,0.0,0.0,0.0
919297273937002496,7.261988501978526e-308,-2.886688822572501e+45,-7.4520902958410145e+233,9.183549615799121e-41
65554,0.0,0.0,0.0,0.0
3997696,0.0,0.0,0.0,0.0
4947885552907780096,7.788844973038339e-308,-5.980090317694973e+198,1.39069109639898e-309,9.186071953034906e-41
0,0.0,0.0,0.0,0.0
6708674594921775104,7.261988502029712e-308,-2.886688822572501e+45,-6.359119635166747e+234,1.8367099231598242e-40
65554,0.0,0.0,0.0,0.0
3997696,0.0,0.0,0.0,0.0
4948013166210842624,7.788844973038339e-308,-5.262478827462359e+199,1.9951345314e-314,9.186071953034906e-41
0,0.0,0.0,0.0,0.0
2572118337181974528,7.261988501981242e-308,-2.886688822572501e+45,-6.041162827744445e+235,9.183549615799121e-41
65554,0.0,0.0,0.0,0.0
3997696,0.0,0.0,0.0,0.0
4947944294577930240,7.788844973038339e-308,-4.592708320614992e+200,1.9967534857e-314,9.186071953034906e-41
0,0.0,0.0,0.0,0.0
164662861375733760,7.261988502008968e-308,-2.886688822572501e+45,-5.341659393641845e+236,9.183549615799121e-41
65554,0.0,0.0,0.0,0.0
3997696,0.0,0.0,0.0,0.0
4948010151964246016,7.788844973038339e-308,-3.9803468634080777e+201,1.99837244e-314,9.186071953034906e-41
0,0.0,0.0,0.0,0.0
2132735898536640512,7.261988502036749e-308,-2.886688822572501e+45,-4.680310820070508e+237,9.183549615799121e-41
65554,0.0,0.0,0.0,0.0
3997696,0.0,0.0,0.0,0.0
4947948419183214592,7.788844973038339e-308,-3.4292216562593293e+202,1.9999913943e-314,9.186071953034906e-41
0,0.0,0.0,0.0,0.0
8897986963777257472,7.261988502002932e-308,-2.886688822572501e+45,-4.0698353001820316e+238,9.183549615799121e-41
65554,0.0,0.0,0.0,0.0
3997696,0.0,0.0,0.0,0.0
4948004470084665344,7.788844973038339e-308,-2.939332657433757e+203,2.0016103486e-314,9.186071953034906e-41
0,0.0,0.0,0.0,0.0
2250110963824984064,7.2619885020093735e-308,-2.886688822572501e+45,-3.5163375554461255e+239,9.183549615799121e-41
65554,0.0,0.0,0.0,0.0
3997696,0.0,0.0,0.0,0.0
4947780514070200320,7.788844973038339e-308,-2.508232528719522e+204,2.003229303e-314,9.186071953034906e-41
0,0.0,0.0,0.0,0.0
5833005942374924288,3051164.5558027118,7.571464034019853e-96,1.5354570536467353e-105,6.799475890966684e-33
3182993036016502564,6.5947378298252804e-96,3.2010380559553566e-62,7.649710369638748e-106,132096.0
10520410693951173120,4.779411885921506e-299,8.2913227e-317,0.0,0.0
0,0.0,5.056318096e-315,0.0,0.0
0,0.0,-1.0177232367338042e-105,9.94856571078527e-97,5.0208380445739975e+19
15996786883891823049,7.323163110280837e-304,0.0,0.0,0.0
0,0.0,4.737909217226285e+226,7.649710378554955e-106,132096.0
14123290395847569920,4.77941277595105e-299,8.2913227e-317,0.0,0.0
0,0.0,5.056318096e-315,0.0,0.0
0,0.0,-2.6931377814389097e-105,9.94856571078527e-97,5.0208380445739975e+19
1152922512917529033,7.323163110280839e-304,0.0,0.0,0.0
0,0.0,-2.7516420536594796e-135,7.649710371184709e-106,132096.0
17726170097743966720,7.292806442839678e-304,8.2913227e-317,0.0,0.0
0,0.0,5.056318096e-315,0.0,0.0
0,0.0,-2.4394095957730026e-102,9.94856571078527e-97,5.0208380445739975e+19
4611687027576930761,7.323163083119293e-304,0.0,0.0,0.0
0,0.0,3.6893488147419103e+19,7.649710379216429e-106,132096.0
2882305725930811904,7.292807800916986e-304,8.2913227e-317,0.0,0.0
0,0.0,5.056318096e-315,0.0,0.0
0,0.0,-6.231402328445384e-102,9.94856571078527e-97,5.0208380445739975e+19
8214566730312188361,7.323163083119293e-304,0.0,0.0,0.0
0,0.0,-1.5845632502852868e+29,7.649710378415717e-106,132096.0
6485185427827208704,7.292809158994292e-304,8.2913227e-317,0.0,0.0
0,0.0,5.056318096e-315,0.0,0.0
0,0.0,-2.886015963583235e-106,9.94856571078527e-97,5.0208380445739975e+19
11817446433047445961,7.323163083119293e-304,0.0,0.0,0.0
0,0.0,-5.877471754111438e-39,7.649710369335557e-106,132096.0
10088065129723605504,7.292810517071599e-304,8.2913227e-317,0.0,0.0
0,0.0,5.056318096e-315,0.0,0.0
0,0.0,-5.8400942710642125e-105,9.94856571078527e-97,5.0208380445739975e+19
15420326135782703561,7.323163083119293e-304,0.0,0.0,0.0
0,0.0,-1.5845632502852868e+29,7.649710374546641e-106,132096.0
13690944831620002304,4.779417190497586e-299,8.2913227e-317,0.0,0.0
0,0.0,5.056318096e-315,0.0,0.0
0,0.0,-5.755530146501822e-105,9.94856571078527e-97,5.0208380445739975e+19
576461764808409545,7.32316311028084e-304,0.0,0.0,0.0
0,0.0,-5.164499756173817e+120,7.649710381296781e-106,132096.0
17293824533516399104,4.77941808052713e-299,8.2913227e-317,0.0,0.0
0,0.0,5.056318096e-315,0.0,0.0
0,0.0,-2.1111756809076358e-103,9.94856571078527e-97,5.0208380445739975e+19
4179341467543667145,7.32316311028084e-304,0.0,0.0,0.0
0,0.0,-1.333602886575971e+241,7.649710381534591e-106,132096.0
2449960161703244288,7.292814618465065e-304,8.2913227e-317,0.0,0.0
0,0.0,5.056318096e-315,0.0,0.0
0,0.0,-1.6579300177354345e-105,9.94856571078527e-97,5.0208380445739975e+19
7854278764316852681,7.323163083119295e-304,0.0,0.0,0.0
0,0.0,4.021529366771898e-87,7.6497103763126035e-106,132096.0
6052839863599641088,7.292815976542371e-304,8.2913227e-317,0.0,0.0
0,0.0,5.056318096e-315,0.0,0.0
0,0.0,-3.8717377256277786e-105,9.94856571078527e-97,5.0208380445739975e+19
11457158467052110281,7.323163083119295e-304,0.0,0.0,0.0
0,0.0,6.518515124270356e+91,7.649710380990901e-106,132096.0
9655719565496037888,7.292817334619677e-304,8.2913227e-317,0.0,0.0
0,0.0,5.056318096e-315,0.0,0.0
0,0.0,-4.0980047031710645e-104,9.94856571078527e-97,5.0208380445739975e+19
15060038169787367881,7.323163083119295e-304,0.0,0.0,0.0
0,0.0,1.517710072051351e+82,7.649710375268212e-106,132096.0
13258599267392434688,7.292818692696984e-304,8.2913227e-317,0.0,0.0
0,0.0,5.056318096e-315,0.0,0.0
0,0.0,-8.694809972578232e-105,9.94856571078527e-97,5.0208380445739975e+19
216173798813073865,7.323163083119296e-304,0.0,0.0,0.0
0,0.0,2.0,7.649710369442153e-106,132096.0
16861478969288831488,7.29282005077429e-304,8.2913227e-317,0.0,0.0
0,0.0,5.056318096e-315,0.0,0.0
0,0.0,-1.364939752987738e-102,9.94856571078527e-97,5.0208380445739975e+19
3819053501548331465,7.323163110280842e-304,0.0,0.0,0.0
0,0.0,6.688871304346933e-198,7.649710382934745e-106,132096.0
2017614597475676672,7.292821408851598e-304,8.2913227e-317,0.0,0.0
0,0.0,5.056318096e-315,0.0,0.0
0,0.0,-1.080665911490983e-104,9.94856571078527e-97,5.0208380445739975e+19
7421933204283589065,7.323163110280842e-304,0.0,0.0,0.0
0,0.0,1.131959884853339e-72,7.649710384930422e-106,132096.0
5620494299372073472,4.779424328534526e-299,8.2913227e-317,0.0,0.0
0,0.0,5.056318096e-315,0.0,0.0
0,0.0,-1.3187762497495083e-102,9.94856571078527e-97,5.0208380445739975e+19
11024812907018846665,7.323163110280842e-304,0.0,0.0,0.0
0,0.0,-1.1031304526203975e+217,7.6497103813160755e-106,132096.0
9223374001268470272,7.292824152167756e-304,8.2913227e-317,0.0,0.0
0,0.0,5.056318096e-315,0.0,0.0
0,0.0,-6.534154854388075e-104,9.94856571078527e-97,5.0208380445739975e+19
14699750203792032201,7.323163083119296e-304,0.0,0.0,0.0
0,0.0,-2.999393627791262e-241,7.649710382317741e-106,132096.0
12826253703164867072,7.292825510245062e-304,8.2913227e-317,0.0,0.0
0,0.0,5.056318096e-315,0.0,0.0
0,0.0,-2.6767937985465125e-104,9.94856571078527e-97,5.0208380445739975e+19
18302629906527289801,7.323163083119296e-304,0.0,0.0,0.0
0,0.0,-1.8347988927920572e+106,7.649710373171993e-106,132096.0
16429133405061263872,7.292826868322369e-304,8.2913227e-317,0.0,0.0
0,0.0,5.056318096e-315,0.0,0.0
0,0.0,-4.318722204313019e-102,9.94856571078527e-97,5.0208380445739975e+19
3458765535552995785,7.323163083119298e-304,0.0,0.0,0.0
0,0.0,4.538015467766672e+279,7.64971038082203e-106,132096.0
1585269033248109056,7.292828226399676e-304,8.2913227e-317,0.0,0.0
0,0.0,5.056318096e-315,0.0,0.0
0,0.0,-4.535973301388764e-105,9.94856571078527e-97,5.0208380445739975e+19
7061645238288253385,7.323163083119298e-304,0.0,0.0,0.0
0,0.0,1.4916681462400413e-154,7.649710379694283e-106,132096.0
5188148735144505856,7.292829584476983e-304,8.2913227e-317,0.0,0.0
0,0.0,5.056318096e-315,0.0,0.0
0,0.0,-3.9866691664642705e-106,9.94856571078527e-97,5.0208380445739975e+19
10664524941023510985,7.323163083119298e-304,0.0,0.0,0.0
0,0.0,-1.333602886575971e+241,2.4202098466248184e+35,2.4467235962971623e-12
3182967604942482476,5.54136491070545e-245,1.807317817180223e-95,6.594737829834187e-96,2.446719042648038e-12
724295807969668174,7.291414822961872e-304,2.484606260876504e-309,1.335096092103247e-309,1.6530417334407705e-39
1,0.0,0.0,0.0,0.0
61,0.0,0.0,0.0,0.0
2022754683852829341,3.619511442150166e-86,1.29547843096279e-309,2.503210212847478e-308,1.401298464324817e-45
0,0.0,0.0,0.0,0.0
11751550625215676416,7.291414822961872e-304,2.484606260876504e-309,1.336157089998977e-309,1.6530417334407705e-39
1,0.0,0.0,0.0,0.0
61,0.0,0.0,0.0,0.0
2022754682355960880,3.619511442150166e-86,1.296539428858273e-309,2.503210212847503e-308,1.401298464324817e-45
0,0.0,0.0,0.0,0.0
15860272423975780352,7.291414822961872e-304,2.484606260876504e-309,1.337175647978887e-309,1.653040332142306e-39
1,0.0,0.0,0.0,0.0
61,0.0,0.0,0.0,0.0
2022754683447161732,3.619511442150166e-86,1.297600426753756e-309,2.5032080908517356e-308,1.401298464324817e-45
0,0.0,0.0,0.0,0.0
6513368911415607296,7.291414822961872e-304,2.484606260876504e-309,1.338236645874617e-309,1.653040332142306e-39
1,0.0,0.0,0.0,0.0
61,0.0,0.0,0.0,0.0
2022754680985597667,3.619511442150166e-86,1.29866142464924e-309,2.5032080908517603e-308,1.401298464324817e-45
0,0.0,0.0,0.0,0.0
14181189138954321920,7.291414822961872e-304,2.484606260876504e-309,1.339297643770347e-309,1.6530417334407705e-39
1,0.0,0.0,0.0,0.0
61,0.0,0.0,0.0,0.0
2022754681444227233,3.619511442150166e-86,1.29972242254472e-309,2.503210212847576e-308,1.401298464324817e-45
0,0.0,0.0,0.0,0.0
7790098856988901376,7.291414822961872e-304,2.484606260876504e-309,1.340358641666076e-309,1.6530417334407705e-39
1,0.0,0.0,0.0,0.0
61,0.0,0.0,0.0,0.0
2022754680388182551,3.619511442150166e-86,1.300783420440204e-309,2.5032102128476007e-308,1.401298464324817e-45
0,0.0,0.0,0.0,0.0
9949367087795273728,7.291414822961872e-304,2.484606260876504e-309,1.341419639561806e-309,1.6530417334407705e-39
1,0.0,0.0,0.0,0.0
61,0.0,0.0,0.0,0.0
2022754681966332833,3.619511442150166e-86,1.301844418335686e-309,2.503208090851835e-308,1.401298464324817e-45
0,0.0,0.0,0.0,0.0
22770284515819520,7.291414822961872e-304,2.484606260876504e-309,1.342501857415445e-309,1.653040332142306e-39
1,0.0,0.0,0.0,0.0
61,0.0,0.0,0.0,0.0
2022754682814311561,3.619511442150166e-86,1.30290541623117e-309,2.5032080908518596e-308,1.401298464324817e-45
0,0.0,0.0,0.0,0.0
13688658116403527680,7.291414822961872e-304,2.484606260876504e-309,1.343562855311175e-309,1.653040332142306e-39
1,0.0,0.0,0.0,0.0
61,0.0,0.0,0.0,0.0
2022754681641725347,3.619511442150166e-86,1.30396641412665e-309,2.5032080908518843e-308,1.401298464324817e-45
0,0.0,0.0,0.0,0.0
10163893377016266752,7.291414822961872e-304,2.484606260876504e-309,1.344623853206905e-309,1.653040332142306e-39
1,0.0,0.0,0.0,0.0
61,0.0,0.0,0.0,0.0
2022754682977131951,3.619511442150166e-86,1.305027412022134e-309,2.503208090851909e-308,1.401298464324817e-45
0,0.0,0.0,0.0,0.0
2214893322919477248,7.291414822961872e-304,2.484606260876504e-309,1.345684851102634e-309,1.653040332142306e-39
1,0.0,0.0,0.0,0.0
61,0.0,0.0,0.0,0.0
2022754682533129468,3.619511442150166e-86,1.306088409917617e-309,2.5032080908519337e-308,1.401298464324817e-45
0,0.0,0.0,0.0,0.0
497528869834719232,7.291414822961872e-304,2.484606260876504e-309,1.346745848998364e-309,1.653040332142306e-39
1,0.0,0.0,0.0,0.0
61,0.0,0.0,0.0,0.0
2022754682273715131,3.619511442150166e-86,1.3071494078131e-309,2.5032080908519584e-308,1.401298464324817e-45
0,0.0,0.0,0.0,0.0
17201508680936194048,7.291414822961872e-304,2.484606260876504e-309,1.347806846894094e-309,1.6530417334407705e-39
1,0.0,0.0,0.0,0.0
61,0.0,0.0,0.0,0.0
2022754681181640989,3.619511442150166e-86,1.30821040570858e-309,2.503210212847774e-308,1.401298464324817e-45
0,0.0,0.0,0.0,0.0
16911819712415924224,7.291414822961872e-304,2.484606260876504e-309,1.348867844789824e-309,1.6530417334407705e-39
1,0.0,0.0,0.0,0.0
61,0.0,0.0,0.0,0.0
2022754680995586344,3.619511442150166e-86,1.309271403604065e-309,2.503210212847799e-308,1.401298464324817e-45
0,0.0,0.0,0.0,0.0
14872669553531289600,7.291414822961872e-304,2.484606260876504e-309,1.349928842685553e-309,1.6530417334407705e-39
1,0.0,0.0,0.0,0.0
61,0.0,0.0,0.0,0.0
2022754683315745716,3.619511442150166e-86,1.310332401499547e-309,2.503208090852033e-308,1.401298464324817e-45
0,0.0,0.0,0.0,0.0
205672613572247552,7.291414822961872e-304,2.484606260876504e-309,1.351011060539192e-309,1.653040332142306e-39
1,0.0,0.0,0.0,0.0
61,0.0,0.0,0.0,0.0
2022754681435039435,3.619511442150166e-86,1.31139339939503e-309,2.5032080908520577e-308,1.401298464324817e-45
0,0.0,0.0,0.0,0.0
8716995564455067648,7.291414822961872e-304,2.484606260876504e-309,1.35207205843492e-309,1.653040332142306e-39
1,0.0,0.0,0.0,0.0
61,0.0,0.0,0.0,0.0
2022754680577431302,3.619511442150166e-86,1.312454397290513e-309,2.5032080908520824e-308,1.401298464324817e-45
0,0.0,0.0,0.0,0.0
881574275528523776,7.291414822961872e-304,2.484606260876504e-309,1.35313305633065e-309,1.653040332142306e-39
1,0.0,0.0,0.0,0.0
61,0.0,0.0,0.0,0.0
2022754681799364681,3.619511442150166e-86,1.313515395185995e-309,2.503208090852107e-308,1.401298464324817e-45
0,0.0,0.0,0.0,0.0
9891788455577387008,7.291414822961872e-304,2.484606260876504e-309,1.35419405422638e-309,1.653040332142306e-39
1,0.0,0.0,0.0,0.0
61,0.0,0.0,0.0,0.0
2022754683326479692,3.619511442150166e-86,1.31457639308148e-309,2.503208090852132e-308,1.401298464324817e-45
0,0.0,0.0,0.0,0.0
16430400375850270720,7.291414822961872e-304,2.484606260876504e-309,1.35525505212211e-309,1.653040332142306e-39
1,0.0,0.0,0.0,0.0
61,0.0,0.0,0.0,0.0
2022754682049801583,3.619511442150166e-86,1.31563739097696e-309,2.5032102128479475e-308,1.401298464324817e-45
0,0.0,0.0,0.0,0.0
15470452052500414464,6.6140368361357686e-96,6.5947521171676365e-96,6.807504229271439e-38,41994.05078125
3194789554285269582,6.5947378298252455e-96,5.308954354334486e-245,2.2875266052719e-310,7.46695238973416e-09
68224696533475374,5.535606296525443e-222,1.265e-321,0.0,0.0
0,0.0,7.7153e-320,0.0,0.0
0,0.0,1.1435112061068265e-220,7.498109352059591e-68,7.397374999417936e-38
70278584240071168,5.433801254426e-312,0.0,0.0,0.0
0,0.0,-1.4224302883150275e-196,2.28752660527454e-310,7.46695238973416e-09
68279672114864174,5.534255489739037e-222,1.265e-321,0.0,0.0
0,0.0,7.7153e-320,0.0,0.0
0,0.0,1.1434686357021122e-220,7.498109352059591e-68,7.397374999417936e-38
70334659333100544,5.43380125316e-312,0.0,0.0,0.0
0,0.0,-26276.0,2.28752660528126e-310,7.46695238973416e-09
68334647696252974,5.534255489753819e-222,1.265e-321,0.0,0.0
0,0.0,7.7153e-320,0.0,0.0
0,0.0,1.1434608018332605e-220,7.498109352059591e-68,7.397374999417936e-38
70386336379618816,5.43380125316e-312,0.0,0.0,0.0
0,0.0,7.672248036337187e+265,2.28752660527484e-310,7.46695238973416e-09
68389623277641774,5.534255489769544e-222,1.265e-321,0.0,0.0
0,0.0,7.7153e-320,0.0,0.0
0,0.0,1.1435251865234628e-220,7.498109352059591e-68,7.397374999417936e-38
70441311961020416,5.43380125316e-312,0.0,0.0,0.0
0,0.0,-2.0315978875861398e+47,2.2875266052802e-310,7.46695238973416e-09
68444598859030574,5.535606296587715e-222,1.265e-321,0.0,0.0
0,0.0,7.7153e-320,0.0,0.0
0,0.0,1.1433839150476603e-220,7.498109352059591e-68,7.397374999417936e-38
70496287542422016,5.433801254426e-312,0.0,0.0,0.0
0,0.0,-3.5243031423270614e-131,2.28752660527597e-310,7.46695238973416e-09
68499574440419374,5.535606296603441e-222,1.265e-321,0.0,0.0
0,0.0,7.7153e-320,0.0,0.0
0,0.0,1.1434084976887692e-220,7.498109352059591e-68,7.397374999417936e-38
70551263123823616,5.433801254426e-312,0.0,0.0,0.0
0,0.0,-3.852165111178099e-204,2.28752660528126e-310,7.46695238973416e-09
68554550021808174,5.535606296619166e-222,1.265e-321,0.0,0.0
0,0.0,7.7153e-320,0.0,0.0
0,0.0,1.1435199454904377e-220,7.498109352059591e-68,7.397374999417936e-38
70607338216852992,5.43380125316e-312,0.0,0.0,0.0
0,0.0,9.19119565981559e+122,2.28752660527395e-310,7.46695238973416e-09
68609525603196974,5.53425548983276e-222,1.265e-321,0.0,0.0
0,0.0,7.7153e-320,0.0,0.0
0,0.0,1.14343524792841e-220,7.498109352059591e-68,7.397374999417936e-38
70662313798254592,5.43380125316e-312,0.0,0.0,0.0
0,0.0,-4.873138078705077e-163,2.28752660527815e-310,7.46695238973416e-09
68664501184585774,5.534255489848486e-222,1.265e-321,0.0,0.0
0,0.0,7.7153e-320,0.0,0.0
0,0.0,1.143411577450282e-220,7.498109352059591e-68,7.397374999417936e-38
70717289379656192,5.43380125316e-312,0.0,0.0,0.0
0,0.0,-1.3482991496130063e-307,2.28752660527637e-310,7.46695238973416e-09
68719476765974574,5.534255489864211e-222,1.265e-321,0.0,0.0
0,0.0,7.7153e-320,0.0,0.0
0,0.0,1.1434233697758717e-220,7.498109352059591e-68,7.397374999417936e-38
70772264961057792,5.43380125316e-312,0.0,0.0,0.0
0,0.0,3.5841871172464967e+140,2.28752660527835e-310,7.46695238973416e-09
68774452347363374,5.534255489879937e-222,1.265e-321,0.0,0.0
0,0.0,7.7153e-320,0.0,0.0
0,0.0,1.1433375810363427e-220,7.498109352059591e-68,7.397374999417936e-38
70827240542459392,5.433801254426e-312,0.0,0.0,0.0
0,0.0,7.473841348711231e-58,2.2875266052834e-310,7.46695238973416e-09
68829427928752174,5.535606296698108e-222,1.265e-321,0.0,0.0
0,0.0,7.7153e-320,0.0,0.0
0,0.0,1.143507067688468e-220,7.498109352059591e-68,7.397374999417936e-38
70882216123860992,5.433801254426e-312,0.0,0.0,0.0
0,0.0,-8.151346264639869e-10,2.2875266052752e-310,7.46695238973416e-09
68884403510140974,5.535606296713834e-222,1.265e-321,0.0,0.0
0,0.0,7.7153e-320,0.0,0.0
0,0.0,1.1434316102208528e-220,7.498109352059591e-68,7.397374999417936e-38
70938291216890368,5.43380125316e-312,0.0,0.0,0.0
0,0.0,-3.1289234048223925e+106,2.28752660527504e-310,7.46695238973416e-09
68939379091529774,5.534255489927428e-222,1.265e-321,0.0,0.0
0,0.0,7.7153e-320,0.0,0.0
0,0.0,1.1434421278472776e-220,7.498109352059591e-68,7.397374999417936e-38
70993266798291968,5.43380125316e-312,0.0,0.0,0.0
0,0.0,-5.797957929392012e+121,2.28752660527336e-310,7.46695238973416e-09
68994354672918574,5.534255489943153e-222,1.265e-321,0.0,0.0
0,0.0,7.7153e-320,0.0,0.0
0,0.0,1.143376378603382e-220,7.498109352059591e-68,7.397374999417936e-38
