timestamp,x,y,z,extra
7093013700904838502,4.30648129380514e+21,1.17593440813461e+27,3.43508081171069e+30,3.854691815664707e-41,0.0
0,0.0,0.0,0.0,6.788401819125115e+22,1.281406317860112e-11
30245856245866862,0.0,0.0,0.0,0.0,0.0
0,0.0,0.0,0.0,0.0,0.0
0,0.0,0.0,0.0,0.0,0.0
0,207618048.0,1.0723209875607154e-08,0.0,0.0,0.0
0,0.0,0.0,0.0,0.0,0.0
128947803127808,1.401298464324817e-45,7.006492321624085e-45,1.14906474074635e-43,0.0,2.8125
0,0.0,0.0,0.0,0.0,0.0
0,0.0,0.0,0.0,0.0,0.0
0,0.0,0.0,0.0,0.0,0.0
0,0.0,0.0,0.0,0.0,0.0
0,0.0,0.0,0.0,6.098450916741604e-42,4.224572330713272e-05
13874,0.0,0.0,0.0,0.0,0.0
3472368016657219584,6.451042477984004e-10,7.363076537945429e-39,0.0,0.0,0.0
0,0.0,0.0,0.0,0.0,0.0
0,0.0,0.0,0.0,0.0,0.0
0,0.0,0.0,0.0,0.0,0.0
0,0.0,0.0,7.450580596923828e-09,1.640917588474622e-07,6.410401653944575e-10
3626044406985994288,1.0608618872254283e-08,2.607646321095558e-09,0.0001756594137987122,0.0,0.0
0,0.0,0.0,0.0,0.0,0.0
4134696121134376448,0.00017091332119889557,2.694065006452062e+23,1.3732724950383207e-43,0.0,0.0
3472838262656073728,6.409996977652099e-10,6.642553103120008e-07,6.601503628189676e-07,6.726232628759122e-44,0.0
0,0.0,0.0,0.0,0.0,0.0
0,0.0,0.0,0.0,0.0,0.0
0,0.0,0.0,0.0,0.0,0.0
0,0.0,0.0,0.0,0.0,0.0
0,0.0,0.0,0.0,0.0,0.0
0,0.0,0.0,0.0,0.0,0.0
0,0.0,0.0,0.0,0.0,0.0
0,0.0,0.0,0.0,0.0,0.0
0,0.0,0.0,0.0,0.0,0.0
0,0.0,0.0,0.0,0.0,0.0
0,0.0,0.0,0.0,0.0,0.0
0,0.0,0.0,0.0,0.0,0.0
0,0.0,0.0,0.0,0.0,0.0
0,0.0,0.0,4.839609399384546e-22,2.3510004725516753e-38,4.047276402907585e-11
228492260264288,7.716249993804605e-41,1.653040332142306e-39,1.401298464324817e-45,0.0,0.0
0,0.0,0.0,0.0,0.0,8.547920632381384e-44
0,0.0,0.0,0.0,0.0,0.0
10789533416119336960,4.839609399384546e-22,2.3510164473541686e-38,4.047266688456119e-11,1.6407523459086418e-40,7.454907830208027e-41
5066549580846874,1.401298464324817e-45,0.0,0.0,0.0,0.0
0,0.0,0.0,0.0,0.0,1.9902845925523815e-30
72057774897513642,4.047276402907585e-11,1.6407523459086418e-40,7.461914322529651e-41,7.723256486126229e-41,1.653040332142306e-39
1,0.0,0.0,0.0,0.0,0.0
0,8.547920632381384e-44,0.0,0.0,0.0,0.0
0,0.0,0.0,2.086007109555241e+27,4.839609399384546e-22,2.3510164473541686e-38
502889905782828,7.461914322529651e-41,7.723396615972662e-41,1.653040332142306e-39,1.401298464324817e-45,0.0
0,0.0,0.0,0.0,0.0,0.0
0,351141862834176.0,4.839609399384546e-22,2.3510004725516753e-38,4.047276402907585e-11,1.6407523459086418e-40
236931870937140,1.6530417334407705e-39,1.401298464324817e-45,0.0,0.0,0.0
0,0.0,0.0,0.0,8.547920632381384e-44,0.0
0,0.0,0.0,0.0,0.0,0.0
2022754681626255251,2.3510164473541686e-38,4.047266688456119e-11,1.6407523459086418e-40,7.468920814851275e-41,7.730403108294286e-41
4296146945,0.0,0.0,0.0,0.0,0.0
0,0.0,0.0,0.0,-4.396873531931078e-09,4.839609399384546e-22
3328723383834640426,1.6407523459086418e-40,7.475927307172899e-41,7.737269470769477e-41,1.6530417334407705e-39,1.401298464324817e-45
0,0.0,0.0,0.0,0.0,0.0
261993005056,0.0,0.0,0.0,0.0,0.0
0,0.0,1.2419324639827402e-29,4.839609399384546e-22,2.3510164473541686e-38,4.047266688456119e-11
229136505358688,7.73740960061591e-41,1.653040332142306e-39,1.401298464324817e-45,0.0,0.0
0,0.0,0.0,0.0,0.0,0.0
17730536682005987328,4.839609399384546e-22,2.3510004725516753e-38,4.047276402907585e-11,1.6407523459086418e-40,7.482933799494523e-41
5066558170781665,1.401298464324817e-45,0.0,0.0,0.0,0.0
0,0.0,0.0,8.547920632381384e-44,0.0,0.0
0,0.0,0.0,0.0,0.0,-4.4368259066729365e-12
72058019710649514,4.047266688456119e-11,1.6407523459086418e-40,7.482933799494523e-41,7.744416092937534e-41,1.653040332142306e-39
1,0.0,0.0,0.0,0.0,0.0
0,0.0,0.0,2.2789185754180874e-24,4.839609399384546e-22,2.3510004725516753e-38
502889905782856,7.489940291816147e-41,7.751422585259158e-41,1.653040332142306e-39,1.401298464324817e-45,0.0
0,0.0,0.0,0.0,0.0,0.0
61,0.0,0.0,0.0,0.0,0.0
0,-1.113455359743932e+27,4.839609399384546e-22,2.3510164473541686e-38,4.047266688456119e-11,1.6407523459086418e-40
237584705966282,1.6530389308438418e-39,1.401298464324817e-45,0.0,0.0,0.0
0,0.0,0.0,0.0,0.0,0.0
2022754681485659042,2.3510004725516753e-38,4.047276402907585e-11,1.6407523459086418e-40,7.496946784137771e-41,7.758429077580782e-41
4296146945,0.0,0.0,0.0,0.0,0.0
0,0.0,8.547920632381384e-44,0.0,0.0,0.0
0,0.0,0.0,0.0,-7.635119693673826e-26,4.839609399384546e-22
3328723263575556195,1.6407523459086418e-40,7.496946784137771e-41,7.758569207427215e-41,1.6530389308438418e-39,1.401298464324817e-45
0,0.0,0.0,0.0,0.0,0.0
0,0.0,9.699703862326104e+25,4.839609399384546e-22,2.3510004725516753e-38,4.047276402907585e-11
229995498817888,7.765435569902406e-41,1.653040332142306e-39,1.401298464324817e-45,0.0,0.0
0,0.0,0.0,0.0,0.0,8.547920632381384e-44
0,0.0,0.0,0.0,0.0,0.0
16880624450117042176,4.839609399384546e-22,2.3510164473541686e-38,4.047266688456119e-11,1.6407523459086418e-40,7.503953276459395e-41
5066549580847225,1.401298464324817e-45,0.0,0.0,0.0,0.0
0,0.0,0.0,0.0,0.0,31.179262161254883
72057774897513642,4.047276402907585e-11,1.6407523459086418e-40,7.51095976878102e-41,7.77244206222403e-41,1.653040332142306e-39
1,0.0,0.0,0.0,0.0,0.0
0,8.547920632381384e-44,0.0,0.0,0.0,0.0
0,0.0,0.0,5.243599332516169e-09,4.839609399384546e-22,2.3510164473541686e-38
502889905782828,7.51095976878102e-41,7.772582192070463e-41,1.6530389308438418e-39,1.401298464324817e-45,0.0
0,0.0,0.0,0.0,0.0,0.0
0,4.687111254675358e-10,4.839609399384546e-22,2.3510004725516753e-38,4.047276402907585e-11,1.6407523459086418e-40
238439404458386,1.653040332142306e-39,1.401298464324817e-45,0.0,0.0,0.0
0,0.0,0.0,0.0,8.547920632381384e-44,0.0
0,0.0,0.0,0.0,0.0,0.0
2022754681029596383,2.3510164473541686e-38,4.047266688456119e-11,1.6407523459086418e-40,7.517966261102644e-41,7.779588684392087e-41
4296146945,0.0,0.0,0.0,0.0,0.0
0,0.0,0.0,0.0,106009886720.0,4.839609399384546e-22
3328723383834640426,1.6407523459086418e-40,7.524972753424268e-41,7.786455046867279e-41,1.6530417334407705e-39,1.401298464324817e-45
0,0.0,0.0,0.0,0.0,0.0
261993005056,0.0,0.0,0.0,0.0,0.0
0,0.0,-1.3854540092744098e-27,4.839609399384546e-22,2.3510164473541686e-38,4.047266688456119e-11
230639743912288,7.786595176713711e-41,1.653040332142306e-39,1.401298464324817e-45,0.0,0.0
0,0.0,0.0,0.0,0.0,0.0
327244149671591936,4.839609399384546e-22,2.3510004725516753e-38,4.047276402907585e-11,1.6407523459086418e-40,7.531979245745892e-41
5066558170782016,1.401298464324817e-45,0.0,0.0,0.0,0.0
0,0.0,0.0,8.547920632381384e-44,0.0,0.0
0,0.0,0.0,0.0,0.0,-28640094208.0
72058019710649514,4.047266688456119e-11,1.6407523459086418e-40,7.531979245745892e-41,7.793601669035335e-41,1.653040332142306e-39
1,0.0,0.0,0.0,0.0,0.0
0,0.0,0.0,-62828.9921875,4.839609399384546e-22,2.3510004725516753e-38
502889905782856,7.538985738067516e-41,7.800608161356959e-41,1.653040332142306e-39,1.401298464324817e-45,0.0
0,0.0,0.0,0.0,0.0,0.0
61,0.0,0.0,0.0,0.0,0.0
0,1.1003306442977543e+25,4.839609399384546e-22,2.3510164473541686e-38,4.047266688456119e-11,1.6407523459086418e-40
239092239487528,1.6530389308438418e-39,1.401298464324817e-45,0.0,0.0,0.0
0,0.0,0.0,0.0,0.0,0.0
2022754680881727458,2.3510004725516753e-38,4.047276402907585e-11,1.6407523459086418e-40,7.54599223038914e-41,7.807614653678583e-41
4296146945,0.0,0.0,0.0,0.0,0.0
0,0.0,8.547920632381384e-44,0.0,0.0,0.0
0,0.0,0.0,0.0,-4.061838796765332e+33,4.839609399384546e-22
3328723263575556195,1.6407523459086418e-40,7.54599223038914e-41,7.807754783525016e-41,1.6530389308438418e-39,1.401298464324817e-45
0,0.0,0.0,0.0,0.0,0.0
0,0.0,-3.5894946919764577e-19,4.839609399384546e-22,2.3510004725516753e-38,4.047276402907585e-11
231498737371488,7.814621146000207e-41,1.653040332142306e-39,1.401298464324817e-45,0.0,0.0
0,0.0,0.0,0.0,0.0,8.547920632381384e-44
0,0.0,0.0,0.0,0.0,0.0
14425488601032687616,4.839609399384546e-22,2.3510164473541686e-38,4.047266688456119e-11,1.6407523459086418e-40,7.552998722710764e-41
5066549580847576,1.401298464324817e-45,0.0,0.0,0.0,0.0
0,0.0,0.0,0.0,0.0,9.252271008115986e+32
72057774897513642,4.047276402907585e-11,1.6407523459086418e-40,7.560005215032388e-41,7.821627638321831e-41,1.653040332142306e-39
1,0.0,0.0,0.0,0.0,0.0
0,8.547920632381384e-44,0.0,0.0,0.0,0.0
0,0.0,0.0,-1.8689490036748274e-34,4.839609399384546e-22,2.3510164473541686e-38
502889905782828,7.560005215032388e-41,7.821767768168264e-41,1.6530389308438418e-39,1.401298464324817e-45,0.0
0,0.0,0.0,0.0,0.0,0.0
0,3.6453703699331814e-25,4.839609399384546e-22,2.3510004725516753e-38,4.047276402907585e-11,1.6407523459086418e-40
239946937979632,1.653040332142306e-39,1.401298464324817e-45,0.0,0.0,0.0
0,0.0,0.0,0.0,8.547920632381384e-44,0.0
0,0.0,0.0,0.0,0.0,0.0
2022754682849421908,2.3510164473541686e-38,4.047266688456119e-11,1.6407523459086418e-40,7.567011707354012e-41,7.828774260489888e-41
4296146944,0.0,0.0,0.0,0.0,0.0
0,0.0,0.0,0.0,3.5256765509304554e+28,52807.140625
3182967604875379015,2.446719910009776e-12,2.446719042648038e-12,4.36698755947873e-05,41994.05078125,205.32150268554688
3182967604878126124,2.446719042648038e-12,47362936406016.0,5.645281527168655e-31,6.205628429552527e-28,1.5105997445421528e-41
128739815880411137,1.938948659116963e-38,2.0059239994790604e-38,4.039214353764462e-28,3.587324068671532e-43,0.0
0,0.0,0.0,0.0,0.0,0.0
15616,0.0,0.0,0.0,0.0,0.0
0,-0.8839569091796875,6.205655874054234e-28,3.555374463684926e-41,7.46058592682175e-09,7.397374999417936e-38
61482491215815168,4.039091094248021e-28,3.587324068671532e-43,0.0,0.0,0.0
0,0.0,0.0,0.0,0.0,0.0
1316363915910228224,1.5105997445421528e-41,7.46695238973416e-09,7.397374999417936e-38,1.9407423211512987e-38,2.0077176615133961e-38
1099813618176,0.0,0.0,0.0,0.0,0.0
0,0.0,2.1882676818896343e-41,0.0,0.0,0.0
0,0.0,0.0,0.0,1.8940865878718582e-25,6.205644799957054e-28
3602928084703011612,7.397374999417936e-38,1.9407423211512987e-38,2.0077535347540829e-38,4.039091094248021e-28,3.587324068671532e-43
0,0.0,0.0,0.0,0.0,0.0
0,0.0,3.8902656531179766e+18,6.205648651816943e-28,1.5105997445421528e-41,7.46695238973416e-09
59538554674044974,2.0094395770663585e-38,4.039091094248021e-28,3.587324068671532e-43,0.0,0.0
0,0.0,0.0,0.0,0.0,2.1882676818896343e-41
0,0.0,0.0,0.0,0.0,0.0
17935274354212339712,6.20573291125201e-28,3.555374463684926e-41,7.46058592682175e-09,7.397374999417936e-38,1.9425359831856344e-38
1297036692697042944,3.587324068671532e-43,0.0,0.0,0.0,0.0
0,0.0,0.0,0.0,0.0,1.2862709180628644e-38
46300053940990,7.46695238973416e-09,7.397374999417936e-38,1.9443296452199702e-38,2.0112332391006942e-38,4.039091094248021e-28
256,0.0,0.0,0.0,0.0,0.0
0,2.1882676818896343e-41,0.0,0.0,0.0,0.0
0,0.0,0.0,-0.0015482306480407715,6.205644799957054e-28,3.555374463684926e-41
128739815880403969,1.9443296452199702e-38,2.011269112341381e-38,4.0389678347315804e-28,3.587324068671532e-43,0.0
0,0.0,0.0,0.0,0.0,0.0
0,3.2148762818540177e-15,6.205659725914123e-28,1.5105997445421528e-41,7.46695238973416e-09,7.397374999417936e-38
61699095006538240,4.039091094248021e-28,3.587324068671532e-43,0.0,0.0,0.0
0,0.0,0.0,0.0,2.1882676818896343e-41,0.0
0,0.0,0.0,0.0,0.0,0.0
1316364765481353472,3.555374463684926e-41,7.46058592682175e-09,7.397374999417936e-38,1.946123307254306e-38,2.0130627743757167e-38
1099813617664,0.0,0.0,0.0,0.0,0.0
0,0.0,0.0,0.0,-1.6169897526391249e+35,6.205705948232788e-28
3602958871028574748,7.397374999417936e-38,1.9479169692886417e-38,2.0148205631693658e-38,4.039091094248021e-28,3.587324068671532e-43
0,0.0,0.0,0.0,0.0,0.0
67070209294336,0.0,0.0,0.0,0.0,0.0
0,0.0,-1.134604596157942e-36,6.2056476888519705e-28,3.555374463684926e-41,7.46058592682175e-09
59703481418211374,2.0148564364100525e-38,4.0389678347315804e-28,3.587324068671532e-43,0.0,0.0
0,0.0,0.0,0.0,0.0,0.0
7253439725531299840,6.205657799984179e-28,1.5105997445421528e-41,7.46695238973416e-09,7.397374999417936e-38,1.9497106313229775e-38
1297038891720349440,3.587324068671532e-43,0.0,0.0,0.0,0.0
0,0.0,0.0,2.1882676818896343e-41,0.0,0.0
0,0.0,0.0,0.0,0.0,330584.0
108972216724028,7.46058592682175e-09,7.397374999417936e-38,1.9497106313229775e-38,2.0166500984443883e-38,4.039091094248021e-28
256,0.0,0.0,0.0,0.0,0.0
0,0.0,0.0,-89.697265625,6.205655874054234e-28,1.5105997445421528e-41
128739815880411137,1.9515042933573132e-38,2.0184078872380373e-38,4.039214353764462e-28,3.587324068671532e-43,0.0
0,0.0,0.0,0.0,0.0,0.0
15616,0.0,0.0,0.0,0.0,0.0
0,5.875576217852644e+20,6.205714614917538e-28,3.555374463684926e-41,7.46058592682175e-09,7.397374999417936e-38
61865121262370816,4.039091094248021e-28,3.587324068671532e-43,0.0,0.0,0.0
0,0.0,0.0,0.0,0.0,0.0
1316364645151913984,1.5105997445421528e-41,7.46695238973416e-09,7.397374999417936e-38,1.953297955391649e-38,2.0202374225130598e-38
1099813617920,0.0,0.0,0.0,0.0,0.0
0,0.0,2.1882676818896343e-41,0.0,0.0,0.0
0,0.0,0.0,0.0,-2.8036884032189846e-06,6.2056525036768315e-28
3602928084703011612,7.397374999417936e-38,1.953297955391649e-38,2.0202732957537465e-38,4.0389678347315804e-28,3.587324068671532e-43
0,0.0,0.0,0.0,0.0,0.0
0,0.0,-6.289429184743237e+37,6.2056327628949015e-28,1.5105997445421528e-41,7.46695238973416e-09
59923383743766574,2.0220310845473956e-38,4.039091094248021e-28,3.587324068671532e-43,0.0,0.0
0,0.0,0.0,0.0,0.0,2.1882676818896343e-41
0,0.0,0.0,0.0,0.0,0.0
4197615436965085184,6.205724726049746e-28,3.555374463684926e-41,7.46058592682175e-09,7.397374999417936e-38,1.9550916174259848e-38
1297036692697132800,3.587324068671532e-43,0.0,0.0,0.0,0.0
0,0.0,0.0,0.0,0.0,-1.0464414436969077e-16
46300053940887,7.46695238973416e-09,7.397374999417936e-38,1.9568852794603205e-38,2.0238247465817313e-38,4.039091094248021e-28
256,0.0,0.0,0.0,0.0,0.0
0,2.1882676818896343e-41,0.0,0.0,0.0,0.0
0,0.0,0.0,1944781324288.0,6.205681874108483e-28,3.555374463684926e-41
128739815880403969,1.9568852794603205e-38,2.023860619822418e-38,4.0389678347315804e-28,3.587324068671532e-43,0.0
0,0.0,0.0,0.0,0.0,0.0
0,-4546892897714176.0,6.205677059283622e-28,1.5105997445421528e-41,7.46695238973416e-09,7.397374999417936e-38
62085023587977216,4.039091094248021e-28,3.587324068671532e-43,0.0,0.0,0.0
0,0.0,0.0,0.0,2.1882676818896343e-41,0.0
0,0.0,0.0,0.0,0.0,0.0
1316364117990097408,3.555374463684926e-41,7.46058592682175e-09,7.397374999417936e-38,1.9586789414946563e-38,2.0256542818567538e-38
1099813617664,0.0,0.0,0.0,0.0,0.0
0,0.0,0.0,0.0,-4.781815748548424e+32,6.205658281466665e-28
3602958871028574748,7.397374999417936e-38,1.960472603528992e-38,2.0274120706504029e-38,4.039091094248021e-28,3.587324068671532e-43
0,0.0,0.0,0.0,0.0,0.0
67070209294336,0.0,0.0,0.0,0.0,0.0
0,0.0,-7.18489152455941e+22,6.205690059310747e-28,3.555374463684926e-41,7.46058592682175e-09
60088310487932974,2.0274479438910896e-38,4.0389678347315804e-28,3.587324068671532e-43,0.0,0.0
0,0.0,0.0,0.0,0.0,0.0
17688396610381283328,6.205666466668928e-28,1.5105997445421528e-41,7.46695238973416e-09,7.397374999417936e-38,1.9622662655633278e-38
1297038891720439296,3.587324068671532e-43,0.0,0.0,0.0,0.0
0,0.0,0.0,2.1882676818896343e-41,0.0,0.0
0,0.0,0.0,0.0,0.0,6.522700603277791e-34
108972216724120,7.46058592682175e-09,7.397374999417936e-38,1.9622662655633278e-38,2.0292416059254253e-38,4.039091094248021e-28
256,0.0,0.0,0.0,0.0,0.0
0,0.0,0.0,-7.248357716322886e-31,6.205700170442955e-28,1.5105997445421528e-41
128739815880411137,1.9640599275976636e-38,2.0309993947190744e-38,4.039214353764462e-28,3.587324068671532e-43,0.0
0,0.0,0.0,0.0,0.0,0.0
15616,0.0,0.0,0.0,0.0,0.0
0,-7.068588141232876e-27,6.205706429715274e-28,3.555374463684926e-41,7.46058592682175e-09,7.397374999417936e-38
62251049843809792,4.039091094248021e-28,3.587324068671532e-43,0.0,0.0,0.0
0,0.0,0.0,0.0,0.0,0.0
1316364166069960192,1.5105997445421528e-41,7.46695238973416e-09,7.397374999417936e-38,1.9658535896319994e-38,2.0328289299940969e-38
1099813617920,0.0,0.0,0.0,0.0,0.0
0,0.0,2.1882676818896343e-41,0.0,0.0,0.0
0,0.0,0.0,0.0,8.701112863445298e-20,6.20572424456726e-28
3602928084703011612,7.397374999417936e-38,1.9658535896319994e-38,2.0328648032347836e-38,4.0389678347315804e-28,3.587324068671532e-43
0,0.0,0.0,0.0,0.0,0.0
0,0.0,1.0405794781010707e-23,6.2056375777197625e-28,1.5105997445421528e-41,7.46695238973416e-09
60308212813488174,2.0346225920284326e-38,4.039091094248021e-28,3.587324068671532e-43,0.0,0.0
0,0.0,0.0,0.0,0.0,2.1882676818896343e-41
0,0.0,0.0,0.0,0.0,0.0
17083954386662588416,6.205725689014718e-28,3.555374463684926e-41,7.46058592682175e-09,7.397374999417936e-38,1.9676472516663351e-38
1297036692697222656,3.587324068671532e-43,0.0,0.0,0.0,0.0
0,0.0,0.0,0.0,0.0,0.009410381317138672
46300053940980,7.46695238973416e-09,7.397374999417936e-38,1.969440913700671e-38,2.0364162540627684e-38,4.039091094248021e-28
256,0.0,0.0,0.0,0.0,0.0
0,2.1882676818896343e-41,0.0,0.0,0.0,0.0
0,0.0,0.0,9.616278473695576e-36,6.205744466831676e-28,3.555374463684926e-41
128739815880403969,1.969440913700671e-38,2.036452127303455e-38,4.0389678347315804e-28,3.587324068671532e-43,0.0
0,0.0,0.0,0.0,0.0,0.0
0,-1.055735704900901e-24,6.205654911089262e-28,1.5105997445421528e-41,7.46695238973416e-09,7.397374999417936e-38
62470952169416192,4.039091094248021e-28,3.587324068671532e-43,0.0,0.0,0.0
0,0.0,0.0,0.0,2.1882676818896343e-41,0.0
0,0.0,0.0,0.0,0.0,0.0
1316364791631240960,3.555374463684926e-41,7.46058592682175e-09,7.397374999417936e-38,1.9712345757350067e-38,2.038245789337791e-38
1099813617664,0.0,0.0,0.0,0.0,0.0
0,0.0,0.0,0.0,7.037167460858674e-33,6.205721837154829e-28
3602958871028574748,7.397374999417936e-38,1.9730282377693424e-38,2.04000357813144e-38,4.039091094248021e-28,3.587324068671532e-43
0,0.0,0.0,0.0,0.0,0.0
67070209294336,0.0,0.0,0.0,0.0,0.0
0,0.0,-1.3684223611509954e-35,6.205739652006815e-28,3.555374463684926e-41,7.46058592682175e-09
60473139557654574,2.0400394513721266e-38,4.0389678347315804e-28,3.587324068671532e-43,0.0,0.0
0,0.0,0.0,0.0,0.0,0.0
16357713762377007104,835260544.0,2.7466516474422553e-12,2.446719042648038e-12,2.446941087252963e-12,2.446719042648038e-12
2596902670227352620,220521584.0,47326525652992.0,2.446719042648038e-12,2.446719042648038e-12,2.929888102964906e-12
4947778192496863830,3.867160569400269e-39,6.612514455782234e-39,-918243.125,-151732621410304.0,-3.8370668825196626e+18
281552286253056,0.0,0.0,0.0,0.0,0.0
0,0.0,5.601965265637464e-39,0.0,0.0,0.0
0,0.0,0.0,0.0,-1.1955344790805478e-24,1362.08837890625
12385998493391890,-918243.125,-151732621410304.0,-3.8550812810291446e+18,9.183549615799121e-41,9.186071953034906e-41
0,0.0,0.0,0.0,0.0,0.0
0,0.0,-1.0602290566170399e-27,1363.7860107421875,3.867160569400269e-39,6.612514455782234e-39
15509271224430636594,-4.863887597560136e+18,1.8367099231598242e-40,9.186071953034906e-41,0.0,0.0
0,0.0,0.0,0.0,0.0,5.601965265637464e-39
0,0.0,0.0,0.0,0.0,0.0
16696251193545981952,1367.6029052734375,9.101783850405768e-39,4.0411205633584805e-39,-918243.125,-206708202799104.0
281478710165504,9.186071953034906e-41,0.0,0.0,0.0,0.0
0,0.0,0.0,0.0,0.0,4.0429121392576855e-30
11852813808856657,6.612514455782234e-39,-918243.125,-261683784187904.0,-6.593269854470406e+18,9.183549615799121e-41
65554,0.0,0.0,0.0,0.0,0.0
0,5.601965265637464e-39,0.0,0.0,0.0,0.0
0,0.0,0.0,-2.2592976325529778e-27,1363.3018798828125,9.101783850405768e-39
14510648791673864448,-261683784187904.0,-6.62929865148937e+18,0.0,9.186071953034906e-41,0.0
0,0.0,0.0,0.0,0.0,0.0
0,6.179796676112618e+30,1360.9029541015625,3.867160569400269e-39,6.612514455782234e-39,-918243.125
16062369549611171841,9.183549615799121e-41,9.186071953034906e-41,0.0,0.0,0.0
0,0.0,0.0,0.0,5.601965265637464e-39,0.0
0,0.0,0.0,0.0,0.0,0.0
4948022780504834048,9.101783850405768e-39,4.0411205633584805e-39,-918243.125,-351843754442752.0,-8.430738502437569e+18
281552286121984,0.0,0.0,0.0,0.0,0.0
0,0.0,0.0,0.0,-3.645666924775366e+24,1367.647705078125
20267297837554706,-918243.125,-461794917220352.0,-1.116892707587883e+19,9.183549615799121e-41,9.186071953034906e-41
0,0.0,0.0,0.0,0.0,0.0
17169973579350016,0.0,0.0,0.0,0.0,0.0
0,0.0,4.4405460357666016e-06,1363.9901123046875,9.101783850405768e-39,4.0411205633584805e-39
15551492470937234994,-1.1240984669916758e+19,0.0,9.186071953034906e-41,0.0,0.0
0,0.0,0.0,0.0,0.0,0.0
8612571337392652288,1367.854248046875,3.867160569400269e-39,6.612514455782234e-39,-918243.125,-580542206574592.0
281478723076096,9.186071953034906e-41,0.0,0.0,0.0,0.0
0,0.0,0.0,5.601965265637464e-39,0.0,0.0
0,0.0,0.0,0.0,0.0,2.9802322387695312e-08
27896887481344728,4.0411205633584805e-39,-918243.125,-580542206574592.0,-1.4843864371813155e+19,0.0
65554,0.0,0.0,0.0,0.0,0.0
0,0.0,0.0,-3808428032.0,1366.7781982421875,3.867160569400269e-39
14510648791675699456,-800444532129792.0,-1.8374686479671624e+19,1.8367099231598242e-40,9.186071953034906e-41,0.0
0,0.0,0.0,0.0,0.0,0.0
3997696,0.0,0.0,0.0,0.0,0.0
0,0.00029754638671875,1367.7491455078125,9.101783850405768e-39,4.0411205633584805e-39,-918243.125
16104872271104311297,9.183549615799121e-41,9.186071953034906e-41,0.0,0.0,0.0
0,0.0,0.0,0.0,0.0,0.0
4947958516569210880,3.867160569400269e-39,6.612514455782234e-39,-918243.125,-1020346857684992.0,-2.5652503477502345e+19
281552286187520,0.0,0.0,0.0,0.0,0.0
0,0.0,5.601965265637464e-39,0.0,0.0,0.0
0,0.0,0.0,0.0,108447924224.0,1363.283203125
12385998493391890,-918243.125,-1020346857684992.0,-2.57966186655782e+19,0.0,9.186071953034906e-41
0,0.0,0.0,0.0,0.0,0.0
0,0.0,-6.658000003057436e-35,1367.8773193359375,3.867160569400269e-39,6.612514455782234e-39
15607787466279366194,-3.285826288129514e+19,9.183549615799121e-41,9.186071953034906e-41,0.0,0.0
0,0.0,0.0,0.0,0.0,5.601965265637464e-39
0,0.0,0.0,0.0,0.0,0.0
6919499352478056448,1361.881103515625,9.101783850405768e-39,4.0411205633584805e-39,-918243.125,-1354598459637760.0
3756326912,9.186071953034906e-41,0.0,0.0,0.0,0.0
0,0.0,0.0,0.0,0.0,1.7645696355176953e+33
11852813808891026,6.612514455782234e-39,-918243.125,-1794403110748160.0,-4.323455642275676e+19,9.183549615799121e-41
65554,0.0,0.0,0.0,0.0,0.0
0,5.601965265637464e-39,0.0,0.0,0.0,0.0
0,0.0,0.0,4.643202685748036e-37,1363.97314453125,9.101783850405768e-39
14510648791673864448,-1794403110748160.0,-4.352278679890847e+19,0.0,9.186071953034906e-41,0.0
0,0.0,0.0,0.0,0.0,0.0
0,-2.5743326283008096e-36,1367.9183349609375,3.867160569400269e-39,6.612514455782234e-39,-918243.125
16161167266459549697,9.183549615799121e-41,9.186071953034906e-41,0.0,0.0,0.0
0,0.0,0.0,0.0,5.601965265637464e-39,0.0
0,0.0,0.0,0.0,0.0,0.0
4947806870914662400,9.101783850405768e-39,4.0411205633584805e-39,-918243.125,-2234207761858560.0,-5.793430560649406e+19
281552286121984,0.0,0.0,0.0,0.0,0.0
0,0.0,0.0,0.0,-2.5693225325085223e-11,1360.653076171875
20267297837554706,-918243.125,-3096225012252672.0,-7.205759403792794e+19,9.183549615799121e-41,9.186071953034906e-41
0,0.0,0.0,0.0,0.0,0.0
17169973579350016,0.0,0.0,0.0,0.0,0.0
0,0.0,431008558088192.0,1363.1529541015625,9.101783850405768e-39,4.0411205633584805e-39
15650008712785964594,-7.234582441407965e+19,0.0,9.186071953034906e-41,0.0,0.0
0,0.0,0.0,0.0,0.0,0.0
4994773461730590720,1361.11376953125,3.867160569400269e-39,6.612514455782234e-39,-918243.125,-3975834314473472.0
281478746079232,9.186071953034906e-41,0.0,0.0,0.0,0.0
0,0.0,0.0,5.601965265637464e-39,0.0,0.0
0,0.0,0.0,0.0,0.0,-3.2201548670154583e-31
27896887481360663,4.0411205633584805e-39,-918243.125,-3975834314473472.0,-9.972771014849226e+19,0.0
65554,0.0,0.0,0.0,0.0,0.0
0,0.0,0.0,-5.908722711110091e+19,1365.7113037109375,3.867160569400269e-39
14510648791675699456,-5207287606018048.0,-1.2797428701136001e+20,9.183549615799121e-41,9.186071953034906e-41,0.0
0,0.0,0.0,0.0,0.0,0.0
3997696,0.0,0.0,0.0,0.0,0.0
0,41506563948544.0,1366.1802978515625,9.101783850405768e-39,4.0411205633584805e-39,-918243.125
16203669987952689153,9.183549615799121e-41,9.186071953034906e-41,0.0,0.0,0.0
0,0.0,0.0,0.0,0.0,0.0
4948010205612670976,3.867160569400269e-39,6.612514455782234e-39,-918243.125,-6966506210459648.0,-1.6602069666338596e+20
281552286253056,0.0,0.0,0.0,0.0,0.0
0,0.0,5.601965265637464e-39,0.0,0.0,0.0
0,0.0,0.0,0.0,8.802491124069019e+24,1361.82177734375
12385998493391890,-918243.125,-6966506210459648.0,-1.6832653967259966e+20,0.0,9.186071953034906e-41
0,0.0,0.0,0.0,0.0,0.0
0,0.0,7.382797095729208e+33,1366.728759765625,3.867160569400269e-39,6.612514455782234e-39
15706303708128095794,-2.2481969339833516e+20,9.183549615799121e-41,9.186071953034906e-41,0.0,0.0
0,0.0,0.0,0.0,0.0,5.601965265637464e-39
0,0.0,0.0,0.0,0.0,0.0
7043629817207455744,1365.3603515625,9.101783850405768e-39,4.0411205633584805e-39,-918243.125,-8725724814901248.0
3779330048,9.186071953034906e-41,0.0,0.0,0.0,0.0
0,0.0,0.0,0.0,0.0,2.379629985508532e+21
11852813808852142,6.612514455782234e-39,-918243.125,-1.1962687583944704e+16,-2.824657686286775e+20,9.183549615799121e-41
65554,0.0,0.0,0.0,0.0,0.0
0,5.601965265637464e-39,0.0,0.0,0.0,0.0
0,0.0,0.0,1.4895864413620027e-34,1361.802978515625,9.101783850405768e-39
14510648791673864448,-1.1962687583944704e+16,-2.8361869013328436e+20,0.0,9.186071953034906e-41,0.0
0,0.0,0.0,0.0,0.0,0.0
0,1.4971096052072654e-34,1365.7254638671875,3.867160569400269e-39,6.612514455782234e-39,-918243.125
16259964983307927553,9.183549615799121e-41,9.186071953034906e-41,0.0,0.0,0.0
0,0.0,0.0,0.0,5.601965265637464e-39,0.0
0,0.0,0.0,0.0,0.0,0.0
4947877134754709504,9.101783850405768e-39,4.0411205633584805e-39,-918243.125,-1.5481124792827904e+16,-3.873816255479006e+20
281552286121984,0.0,0.0,0.0,0.0,0.0
0,0.0,0.0,0.0,5.800769146644378e+33,1365.2735595703125
20267297837554706,-918243.125,-1.9984725493940224e+16,-5.003679329993716e+20,9.183549615799121e-41,9.186071953034906e-41
0,0.0,0.0,0.0,0.0,0.0
17169973579350016,0.0,0.0,0.0,0.0,0.0
0,0.0,-12096.0,1363.802490234375,9.101783850405768e-39,4.0411205633584805e-39
15748524954634694194,-5.026737760085853e+20,0.0,9.186071953034906e-41,0.0,0.0
0,0.0,0.0,0.0,0.0,0.0
13307292473949683712,1364.3973388671875,3.867160569400269e-39,6.612514455782234e-39,-918243.125,-2.7021599911706624e+16
281478769082368,9.186071953034906e-41,0.0,0.0,0.0,0.0
0,0.0,0.0,5.601965265637464e-39,0.0,0.0
0,0.0,0.0,0.0,0.0,5.0309883196557854e+30
27896887481368149,4.0411205633584805e-39,-918243.125,-2.7021599911706624e+16,-6.456360425798343e+20,0.0
65554,0.0,0.0,0.0,0.0,0.0
0,0.0,0.0,-8.500259669165361e+22,41988.2421875,12.45490837097168
3184093504782216236,2.446719042648038e-12,1.5291994016550237e-13,6.799475890966684e-33,221489201152.0,2.448002954860695e-12
3182967604875373654,722144000.0,3.9659582284912176e-08,-1.2261447011798626e-13,1.3861920509020131e-13,132096.0
17437939721592254976,0.031250812113285065,9.40420816134065e-38,2.352280138309297e-38,0.0,0.0
0,0.0,0.0,0.0,0.0,0.03125
0,0.0,0.0,0.0,0.0,0.0
13114482114902884352,-3.9064649952347263e-13,2.879008252489789e+21,1.8332002582610585e-12,5.0208380445739975e+19,-2.53543932023135e+30
72058565740724442,2.352280138309297e-38,0.0,0.0,0.0,0.0
0,0.0,0.0,0.0,0.0,6.462348535570529e-27
3034320335071204347,132096.0,5.0208380445739975e+19,2.775708770178866e-17,3.961511545539192e+28,9.40420816134065e-38
16781824,0.0,0.0,0.0,0.0,0.0
0,0.03125,0.0,0.0,0.0,0.0
0,0.0,0.0,-3.76158192263132e-37,-3.712386301146786e-13,2.879008252489789e+21
6930531852889423872,2.775708770178866e-17,1.5846046182156767e+29,2.3510520403351625e-38,2.352280138309297e-38,0.0
0,0.0,0.0,0.0,0.0,0.0
0,9007199254740992.0,-1.4542081189401757e-13,1.3861920509020131e-13,132096.0,5.0208380445739975e+19
11457158394071220681,2.3510520403351625e-38,2.352280138309297e-38,0.0,0.0,0.0
0,0.0,0.0,0.0,0.03125,0.0
0,0.0,0.0,0.0,0.0,0.0
12285206569074819072,2.879008252489789e+21,1.8332002582610585e-12,5.0208380445739975e+19,35186288885760.0,-1.0842304775720902e-19
72077385247228130,0.0,0.0,0.0,0.0,0.0
0,0.0,0.0,0.0,-4.1359030627651384e-25,-1.4296727593021002e-13
5188428246414004804,5.0208380445739975e+19,-3.852069732883193e-34,-34360635392.0,2.3510520403351625e-38,2.352280138309297e-38
0,0.0,0.0,0.0,0.0,0.0
4395513236313604096,0.0,0.0,0.0,0.0,0.0
0,0.0,6.64613997892458e+35,-1.7552125931071666e-13,2.879008252489789e+21,1.8332002582610585e-12
9799834753571893760,-137442541568.0,3.1669345293740866e-43,2.352280138309297e-38,0.0,0.0
0,0.0,0.0,0.0,0.0,0.0
5836665117072162816,-2.81535997856755e-13,1.3861920509020131e-13,132096.0,5.0208380445739975e+19,-0.0004883078509010375
72058569045835995,2.352280138309297e-38,0.0,0.0,0.0,0.0
0,0.0,0.0,0.03125,0.0,0.0
0,0.0,0.0,0.0,0.0,3.602879701896397e+16
7141603195222787853,1.8332002582610585e-12,5.0208380445739975e+19,-0.0004883078509010375,1.50467205025108e-36,3.1809475140173348e-43
16781824,0.0,0.0,0.0,0.0,0.0
0,0.0,0.0,1.0384593717069655e+34,-3.657374153965415e-13,1.3861920509020131e-13
6930531853359185920,-6.190037402908569e+26,4.768496069118555e-07,2.3510523205948554e-38,2.352280138309297e-38,0.0
0,0.0,0.0,0.0,0.0,0.0
1023410176,0.0,0.0,0.0,0.0,0.0
0,-5.764607523034235e+17,-1.4609658155560062e-13,2.879008252489789e+21,1.8332002582610585e-12,5.0208380445739975e+19
3891111022605369801,2.3510523205948554e-38,2.352280138309297e-38,0.0,0.0,0.0
0,0.0,0.0,0.0,0.0,0.0
12257282620693413888,1.3861920509020131e-13,132096.0,5.0208380445739975e+19,6.776632739694497e-21,6.044787624780029e+23
72077385280782563,0.0,0.0,0.0,0.0,0.0
0,0.0,0.03125,0.0,0.0,0.0
0,0.0,0.0,0.0,-0.03125,-1.9454168907317299e-13
3170815614308323908,5.0208380445739975e+19,6.776632739694497e-21,2.4179150499120117e+24,2.3510523205948554e-38,2.352280138309297e-38
0,0.0,0.0,0.0,0.0,0.0
0,0.0,-3.76158192263132e-37,-1.1775171495417153e-13,1.3861920509020131e-13,132096.0
5764609487447929344,-2.647047379929348e-23,2.3510523205948554e-38,2.352280138309297e-38,0.0,0.0
0,0.0,0.0,0.0,0.0,0.03125
0,0.0,0.0,0.0,0.0,0.0
17221764975064776704,-1.834823119177889e-13,2.879008252489789e+21,1.8332002582610585e-12,5.0208380445739975e+19,8590402560.0
977558044892,2.352280138309297e-38,0.0,0.0,0.0,0.0
0,0.0,0.0,0.0,0.0,-512.0
3034320335067800201,132096.0,5.0208380445739975e+19,-9.404467121296857e-38,-33555312.0,2.3510523205948554e-38
16781824,0.0,0.0,0.0,0.0,0.0
0,0.03125,0.0,0.0,0.0,0.0
0,0.0,0.0,3.944304526105059e-31,-2.275689402544967e-13,2.879008252489789e+21
6930531852889423872,-9.404467121296857e-38,-134221248.0,3.1809475140173348e-43,2.352280138309297e-38,0.0
0,0.0,0.0,0.0,0.0,0.0
0,-0.0001220703125,-2.212780604365569e-13,1.3861920509020131e-13,132096.0,5.0208380445739975e+19
18302629833546400201,2.3510523205948554e-38,2.352280138309297e-38,0.0,0.0,0.0
0,0.0,0.0,0.0,0.03125,0.0
0,0.0,0.0,0.0,0.0,0.0
12299317933384925184,2.879008252489789e+21,1.8332002582610585e-12,5.0208380445739975e+19,-1.192157839113861e-07,-1.7014564559058204e+38
72077385247228131,0.0,0.0,0.0,0.0,0.0
0,0.0,0.0,0.0,-0.03125,-2.827439346021754e-13
5188428246414004804,5.0208380445739975e+19,-1.5112396003194748e+23,4.656734997610101e-10,2.351052600854548e-38,2.352280138309297e-38
0,0.0,0.0,0.0,0.0,0.0
4395513236313604096,0.0,0.0,0.0,0.0,0.0
0,0.0,-4.76837158203125e-07,-2.2264698765206425e-13,2.879008252489789e+21,1.8332002582610585e-12
16573248593137119744,1.8626939990440405e-09,3.194960498660583e-43,2.352280138309297e-38,0.0,0.0
0,0.0,0.0,0.0,0.0,0.0
16429131440647569408,-3.474509091896949e-13,1.3861920509020131e-13,132096.0,5.0208380445739975e+19,1.654451352464477e-24
72058574934638813,2.352280138309297e-38,0.0,0.0,0.0,0.0
0,0.0,0.0,0.03125,0.0,0.0
0,0.0,0.0,0.0,0.0,6.462348535570529e-27
7141603195227709356,1.8332002582610585e-12,5.0208380445739975e+19,1.654451352464477e-24,2.3612454474046757e+21,3.194960498660583e-43
16781824,0.0,0.0,0.0,0.0,0.0
0,0.0,0.0,1.661534994731145e+35,-1.2758045488114877e-13,1.3861920509020131e-13
6930531853359185920,2097266.25,-6.462518787777613e-27,2.351052600854548e-38,2.352280138309297e-38,0.0
0,0.0,0.0,0.0,0.0,0.0
1023410176,0.0,0.0,0.0,0.0,0.0
0,6.938893903907228e-18,-1.9938381729065618e-13,2.879008252489789e+21,1.8332002582610585e-12,5.0208380445739975e+19
10736582462080549321,2.351052600854548e-38,2.352280138309297e-38,0.0,0.0,0.0
0,0.0,0.0,0.0,0.0,0.0
12318338280360771584,1.3861920509020131e-13,132096.0,5.0208380445739975e+19,2.658600820650908e+36,-8192.2158203125
72077385264005348,0.0,0.0,0.0,0.0,0.0
0,0.0,0.03125,0.0,0.0,0.0
0,0.0,0.0,0.0,-1.7763568394002505e-15,-1.3647135992892606e-13
3170815614308323908,5.0208380445739975e+19,2.658600820650908e+36,-32768.86328125,2.351052600854548e-38,2.352280138309297e-38
0,0.0,0.0,0.0,0.0,0.0
0,0.0,-3.8685626227668134e+25,-4.1312163108833677e-13,1.3861920509020131e-13,132096.0
12538023327013155328,-1.0384867301818337e+34,9.404210403418193e-38,2.352280138309297e-38,0.0,0.0
0,0.0,0.0,0.0,0.0,0.03125
0,0.0,0.0,0.0,0.0,0.0
9799832789158199296,-1.50626893228277e-13,2.879008252489789e+21,1.8332002582610585e-12,5.0208380445739975e+19,-2.9105415993990746e-11
983446847709,2.352280138309297e-38,0.0,0.0,0.0,0.0
0,0.0,0.0,0.0,0.0,-131072.0
3034320335066771289,132096.0,5.0208380445739975e+19,-3.689549805467468e+19,4.547593313204701e-13,2.351052881114241e-38
16781824,0.0,0.0,0.0,0.0,0.0
0,0.03125,0.0,0.0,0.0,0.0
0,0.0,0.0,1.7014118346046923e+38,-4.193253817091902e-13,2.879008252489789e+21
6930531852889423872,-3.689549805467468e+19,1.8190373252818803e-12,3.208973483303831e-43,2.352280138309297e-38,0.0
0,0.0,0.0,0.0,0.0,0.0
0,-4.0389678347315804e-28,-2.8717927016454203e-13,1.3861920509020131e-13,132096.0,5.0208380445739975e+19
6701357199312028105,2.351052881114241e-38,2.352280138309297e-38,0.0,0.0,0.0
0,0.0,0.0,0.0,0.03125,0.0
0,0.0,0.0,0.0,0.0,0.0
12286308424345452544,2.879008252489789e+21,1.8332002582610585e-12,5.0208380445739975e+19,4.039187872227727e-28,2.3059040321090355e+18
72077385247228133,0.0,0.0,0.0,0.0,0.0
0,0.0,0.0,0.0,-5.902958103587057e+20,-4.113968551672925e-13
5188428246414004804,5.0208380445739975e+19,512.0278930664062,-6.311054256005459e-30,2.351052881114241e-38,2.352280138309297e-38
0,0.0,0.0,0.0,0.0,0.0
4395513236313604096,0.0,0.0,0.0,0.0,0.0
0,0.0,-2.9103830456733704e-11,-1.7735579714919791e-13,2.879008252489789e+21,1.8332002582610585e-12
4899918358992794112,-2.5244217024021837e-29,3.208973483303831e-43,2.352280138309297e-38,0.0,0.0
0,0.0,0.0,0.0,0.0,0.0
15924728282382073856,-3.807253991239268e-13,1.3861920509020131e-13,132096.0,5.0208380445739975e+19,6.490724659792255e+32
72058580823441630,2.352280138309297e-38,0.0,0.0,0.0,0.0
0,0.0,0.0,0.03125,0.0,0.0
0,0.0,0.0,0.0,0.0,-0.00048828125
7141603195222335934,1.8332002582610585e-12,5.0208380445739975e+19,6.490724659792255e+32,-32.00084686279297,3.208973483303831e-43
16781824,0.0,0.0,0.0,0.0,0.0
0,0.0,0.0,-6.64613997892458e+35,-3.323340680341097e-13,1.3861920509020131e-13
6930531853359185920,-7.105814451657897e-15,-1.014147318335779e+31,2.351052881114241e-38,2.352280138309297e-38,0.0
0,0.0,0.0,0.0,0.0,0.0
1023410176,0.0,0.0,0.0,0.0,0.0
0,-1.8189894035458565e-12,-4.040399742208378e-13,2.879008252489789e+21,1.8332002582610585e-12,5.0208380445739975e+19
17582053901555728841,3.208973483303831e-43,2.352280138309297e-38,0.0,0.0,0.0
0,0.0,0.0,0.0,0.0,0.0
2652679507374243840,51022.27734375,2.4467235962971623e-12,6.263600749178977e-10,2.446719042648038e-12,2.446719042648038e-12
5640516683894896426,2.7754088090248263e-12,2.4490505109997507e-12,2.446719042648038e-12,2.446719042648038e-12,1.9022389457883093e-13
2022754679746541363,2.3510004725516753e-38,4.047276402907585e-11,1.6407523459086418e-40,7.994407738973081e-41,8.256030162262525e-41
4296146946,0.0,0.0,0.0,0.0,0.0
0,0.0,8.547920632381384e-44,0.0,0.0,0.0
0,0.0,0.0,0.0,-5.473724274500423e+24,4.839609399384546e-22
3328723263575556195,1.6407523459086418e-40,7.994407738973081e-41,8.256170292108957e-41,1.653040332142306e-39,1.401298464324817e-45
0,0.0,0.0,0.0,0.0,0.0
0,0.0,-1.9859332773739814e-35,4.839609399384546e-22,2.3510004725516753e-38,4.047276402907585e-11
245242632718688,8.263036654584149e-41,1.6530417334407705e-39,1.401298464324817e-45,0.0,0.0
0,0.0,0.0,0.0,0.0,8.547920632381384e-44
0,0.0,0.0,0.0,0.0,0.0
15102493081741557760,4.839609399384546e-22,2.3510164473541686e-38,4.047266688456119e-11,1.6407523459086418e-40,8.001414231294705e-41
5066553875818072,1.401298464324817e-45,0.0,0.0,0.0,0.0
0,0.0,0.0,0.0,0.0,8.964195530543397e+29
72057774897513642,4.047276402907585e-11,1.6407523459086418e-40,8.00842072361633e-41,8.269762887212908e-41,1.653040332142306e-39
1,0.0,0.0,0.0,0.0,0.0
0,8.547920632381384e-44,0.0,0.0,0.0,0.0
0,0.0,0.0,-3.896897910164373e-18,4.839609399384546e-22,2.3510164473541686e-38
502889905782828,8.00842072361633e-41,8.26990301705934e-41,1.6530389308438418e-39,1.401298464324817e-45,0.0
0,0.0,0.0,0.0,0.0,0.0
0,6.460634763072868e+35,4.839609399384546e-22,2.3510004725516753e-38,4.047276402907585e-11,1.6407523459086418e-40
253682243395440,1.653040332142306e-39,1.401298464324817e-45,0.0,0.0,0.0
0,0.0,0.0,0.0,8.547920632381384e-44,0.0
0,0.0,0.0,0.0,0.0,0.0
2022754681568780939,2.3510164473541686e-38,4.047266688456119e-11,1.6407523459086418e-40,8.015427215937954e-41,8.276909509380965e-41
4296146944,0.0,0.0,0.0,0.0,0.0
0,0.0,0.0,0.0,1.2251982999832102e+38,4.839609399384546e-22
3328723383834640426,1.6407523459086418e-40,8.022433708259578e-41,8.283775871856156e-41,1.653040332142306e-39,1.401298464324817e-45
0,0.0,0.0,0.0,0.0,0.0
261993005056,0.0,0.0,0.0,0.0,0.0
0,0.0,-387161.90625,4.839609399384546e-22,2.3510164473541686e-38,4.047266688456119e-11
245886877813088,8.283916001702589e-41,1.6530389308438418e-39,1.401298464324817e-45,0.0,0.0
0,0.0,0.0,0.0,0.0,0.0
8248868906857398272,4.839609399384546e-22,2.3510004725516753e-38,4.047276402907585e-11,1.6407523459086418e-40,8.029440200581202e-41
5066553875818269,1.401298464324817e-45,0.0,0.0,0.0,0.0
0,0.0,0.0,8.547920632381384e-44,0.0,0.0
0,0.0,0.0,0.0,0.0,-8.042785037268471e-22
72058019710649514,4.047266688456119e-11,1.6407523459086418e-40,8.029440200581202e-41,8.290922494024213e-41,1.6530389308438418e-39
1,0.0,0.0,0.0,0.0,0.0
0,0.0,0.0,5.353367093956307e+33,4.839609399384546e-22,2.3510004725516753e-38
502889905782856,8.036446692902826e-41,8.297788856499404e-41,1.6530417334407705e-39,1.401298464324817e-45,0.0
0,0.0,0.0,0.0,0.0,0.0
61,0.0,0.0,0.0,0.0,0.0
0,-3.928117845036072e+21,4.839609399384546e-22,2.3510164473541686e-38,4.047266688456119e-11,1.6407523459086418e-40
254330783457286,1.653040332142306e-39,1.401298464324817e-45,0.0,0.0,0.0
0,0.0,0.0,0.0,0.0,0.0
2022754681315551829,2.3510004725516753e-38,4.047276402907585e-11,1.6407523459086418e-40,8.04345318522445e-41,8.304795348821028e-41
4296146946,0.0,0.0,0.0,0.0,0.0
0,0.0,8.547920632381384e-44,0.0,0.0,0.0
0,0.0,0.0,0.0,2.2635924712951191e+24,4.839609399384546e-22
3328723263575556195,1.6407523459086418e-40,8.04345318522445e-41,8.304935478667461e-41,1.653040332142306e-39,1.401298464324817e-45
0,0.0,0.0,0.0,0.0,0.0
0,0.0,3.604626542343228e-24,4.839609399384546e-22,2.3510004725516753e-38,4.047276402907585e-11
246745871272288,8.311941970989085e-41,1.653040332142306e-39,1.401298464324817e-45,0.0,0.0
0,0.0,0.0,0.0,0.0,8.547920632381384e-44
0,0.0,0.0,0.0,0.0,0.0
10499058459993964544,4.839609399384546e-22,2.3510164473541686e-38,4.047266688456119e-11,1.6407523459086418e-40,8.050459677546074e-41
5066549580851125,1.401298464324817e-45,0.0,0.0,0.0,0.0
0,0.0,0.0,0.0,0.0,-2.4014202085198555e-12
72057774897513642,4.047276402907585e-11,1.6407523459086418e-40,8.057466169867698e-41,8.318948463310709e-41,1.653040332142306e-39
1,0.0,0.0,0.0,0.0,0.0
0,8.547920632381384e-44,0.0,0.0,0.0,0.0
0,0.0,0.0,1.8653606464568241e-34,4.839609399384546e-22,2.3510164473541686e-38
502889905782828,8.057466169867698e-41,8.319088593157142e-41,1.6530389308438418e-39,1.401298464324817e-45,0.0
0,0.0,0.0,0.0,0.0,0.0
0,-8.717838950733636e-11,4.839609399384546e-22,2.3510004725516753e-38,4.047276402907585e-11,1.6407523459086418e-40
255189776916686,1.653040332142306e-39,1.401298464324817e-45,0.0,0.0,0.0
0,0.0,0.0,0.0,8.547920632381384e-44,0.0
0,0.0,0.0,0.0,0.0,0.0
2022754682990958029,2.3510164473541686e-38,4.047266688456119e-11,1.6407523459086418e-40,8.064472662189322e-41,8.326095085478766e-41
4296146944,0.0,0.0,0.0,0.0,0.0
0,0.0,0.0,0.0,4.667979947317127e+26,4.839609399384546e-22
3328723383834640426,1.6407523459086418e-40,8.071479154510946e-41,8.332961447953957e-41,1.653040332142306e-39,1.401298464324817e-45
0,0.0,0.0,0.0,0.0,0.0
261993005056,0.0,0.0,0.0,0.0,0.0
0,0.0,-1.398313258472964e+18,4.839609399384546e-22,2.3510164473541686e-38,4.047266688456119e-11
247390116366688,8.33310157780039e-41,1.6530389308438418e-39,1.401298464324817e-45,0.0,0.0
0,0.0,0.0,0.0,0.0,0.0
11645527862865297408,4.839609399384546e-22,2.3510004725516753e-38,4.047276402907585e-11,1.6407523459086418e-40,8.07848564683257e-41
5066553875818620,1.401298464324817e-45,0.0,0.0,0.0,0.0
0,0.0,0.0,8.547920632381384e-44,0.0,0.0
0,0.0,0.0,0.0,0.0,4.2639096697882906e-09
72058019710649514,4.047266688456119e-11,1.6407523459086418e-40,8.07848564683257e-41,8.340108070122014e-41,1.653040332142306e-39
1,0.0,0.0,0.0,0.0,0.0
0,0.0,0.0,2.2136438565678008e+29,4.839609399384546e-22,2.3510004725516753e-38
502889905782856,8.085492139154194e-41,8.346974432597205e-41,1.653040332142306e-39,1.401298464324817e-45,0.0
0,0.0,0.0,0.0,0.0,0.0
61,0.0,0.0,0.0,0.0,0.0
0,-5.263207920895153e+33,4.839609399384546e-22,2.3510164473541686e-38,4.047266688456119e-11,1.6407523459086418e-40
255838316978532,1.653040332142306e-39,1.401298464324817e-45,0.0,0.0,0.0
0,0.0,0.0,0.0,0.0,0.0
2022754683592101152,2.3510004725516753e-38,4.047276402907585e-11,1.6407523459086418e-40,8.092498631475819e-41,8.353980924918829e-41
4296146946,0.0,0.0,0.0,0.0,0.0
0,0.0,8.547920632381384e-44,0.0,0.0,0.0
0,0.0,0.0,0.0,2.0335331911241062e-27,4.839609399384546e-22
3328723263575556195,1.6407523459086418e-40,8.092498631475819e-41,8.354121054765262e-41,1.653040332142306e-39,1.401298464324817e-45
0,0.0,0.0,0.0,0.0,0.0
0,0.0,7.04287231201306e-07,4.839609399384546e-22,2.3510004725516753e-38,4.047276402907585e-11
248249109825888,8.361127547086886e-41,1.653040332142306e-39,1.401298464324817e-45,0.0,0.0
0,0.0,0.0,0.0,0.0,8.547920632381384e-44
0,0.0,0.0,0.0,0.0,0.0
4955395646782701568,4.839609399384546e-22,2.3510164473541686e-38,4.047266688456119e-11,1.6407523459086418e-40,8.099505123797443e-41
5066549580851476,1.401298464324817e-45,0.0,0.0,0.0,0.0
0,0.0,0.0,0.0,0.0,1.494792460116411e-17
72057774897513642,4.047276402907585e-11,1.6407523459086418e-40,8.106511616119067e-41,8.36813403940851e-41,1.653040332142306e-39
1,0.0,0.0,0.0,0.0,0.0
0,8.547920632381384e-44,0.0,0.0,0.0,0.0
0,0.0,0.0,-1.6995356103043065e+38,4.839609399384546e-22,2.3510164473541686e-38
502889905782828,8.106511616119067e-41,8.368274169254943e-41,1.6530389308438418e-39,1.401298464324817e-45,0.0
0,0.0,0.0,0.0,0.0,0.0
0,1710683648.0,4.839609399384546e-22,2.3510004725516753e-38,4.047276402907585e-11,1.6407523459086418e-40
256697310437932,1.653040332142306e-39,1.401298464324817e-45,0.0,0.0,0.0
0,0.0,0.0,0.0,8.547920632381384e-44,0.0
0,0.0,0.0,0.0,0.0,0.0
2022754682516288532,2.3510164473541686e-38,4.047266688456119e-11,1.6407523459086418e-40,8.113518108440691e-41,8.375280661576567e-41
4296146944,0.0,0.0,0.0,0.0,0.0
0,0.0,0.0,0.0,426304797147136.0,4.839609399384546e-22
3328723383834640426,1.6407523459086418e-40,8.120524600762315e-41,8.382147024051758e-41,1.653040332142306e-39,1.401298464324817e-45
0,0.0,0.0,0.0,0.0,0.0
261993005056,0.0,0.0,0.0,0.0,0.0
0,0.0,-12958177280.0,4.839609399384546e-22,2.3510164473541686e-38,4.047266688456119e-11
248893354920288,8.382287153898191e-41,1.6530389308438418e-39,1.401298464324817e-45,0.0,0.0
0,0.0,0.0,0.0,0.0,0.0
13449148586537254912,4.839609399384546e-22,2.3510004725516753e-38,4.047276402907585e-11,1.6407523459086418e-40,8.127531093083939e-41
5066553875818971,1.401298464324817e-45,0.0,0.0,0.0,0.0
0,0.0,0.0,8.547920632381384e-44,0.0,0.0
0,0.0,0.0,0.0,0.0,-8.711211784521926e+30
72058019710649514,4.047266688456119e-11,1.6407523459086418e-40,8.127531093083939e-41,8.389293646219815e-41,1.6530389308438418e-39
1,0.0,0.0,0.0,0.0,0.0
0,0.0,0.0,2.6502454186321535e+35,52807.140625,2.4478906315156257e-12
3182967622055242796,2.446719042648038e-12,4.36698755947873e-05,41994.05078125,205.32150268554688,3.043574940686522e-12
3182967604875373612,47362936406016.0,5.645281527168655e-31,6.205628429552527e-28,1.5105997445421528e-41,7.46695238973416e-09
63826650022371374,2.1494169622259216e-38,4.039214353764462e-28,3.587324068671532e-43,0.0,0.0
0,0.0,0.0,0.0,0.0,2.1882676818896343e-41
0,0.0,0.0,0.0,0.0,0.0
10696337187051405312,6.205670800011303e-28,3.555374463684926e-41,7.46058592682175e-09,7.397374999417936e-38,2.0824416218638242e-38
1297037792209669632,3.587324068671532e-43,0.0,0.0,0.0,0.0
0,0.0,0.0,0.0,0.0,-8.198264332585848e+25
46300053940779,7.46695238973416e-09,7.397374999417936e-38,2.08423528389816e-38,2.1512106242602574e-38,4.039214353764462e-28
256,0.0,0.0,0.0,0.0,0.0
0,2.1882676818896343e-41,0.0,0.0,0.0,0.0
0,0.0,0.0,3.5700286087963524e+36,6.205660688879095e-28,3.555374463684926e-41
128739815880403969,2.08423528389816e-38,2.1512464975009441e-38,4.039091094248021e-28,3.587324068671532e-43,0.0
0,0.0,0.0,0.0,0.0,0.0
0,11.926025390625,6.205699688960469e-28,1.5105997445421528e-41,7.46695238973416e-09,7.397374999417936e-38
65987190355863040,4.039091094248021e-28,3.587324068671532e-43,0.0,0.0,0.0
0,0.0,0.0,0.0,2.1882676818896343e-41,0.0
0,0.0,0.0,0.0,0.0,0.0
1316364478995203328,3.555374463684926e-41,7.46058592682175e-09,7.397374999417936e-38,2.0860289459324957e-38,2.1529684130539065e-38
1099813617664,0.0,0.0,0.0,0.0,0.0
0,0.0,0.0,0.0,-3.4163975957775925e+33,6.205730985322065e-28
3602958871028574748,7.397374999417936e-38,2.0878226079668315e-38,2.1547262018475555e-38,4.039091094248021e-28,3.587324068671532e-43
0,0.0,0.0,0.0,0.0,0.0
67070209294336,0.0,0.0,0.0,0.0,0.0
0,0.0,1.1030045750032738e+30,6.2057372445943845e-28,3.555374463684926e-41,7.46058592682175e-09
63991576766537774,2.1547620750882422e-38,4.0389678347315804e-28,3.587324068671532e-43,0.0,0.0
0,0.0,0.0,0.0,0.0,0.0
7988433561885605888,6.20570450378533e-28,1.5105997445421528e-41,7.46695238973416e-09,7.397374999417936e-38,2.0896162700011672e-38
1297037792209720064,3.587324068671532e-43,0.0,0.0,0.0,0.0
0,0.0,0.0,2.1882676818896343e-41,0.0,0.0
0,0.0,0.0,0.0,0.0,3.758900942326757e+33
108972216724064,7.46058592682175e-09,7.397374999417936e-38,2.0896162700011672e-38,2.156555737122578e-38,4.0389678347315804e-28
256,0.0,0.0,0.0,0.0,0.0
0,0.0,0.0,3.23393857519616e+16,6.205739170524329e-28,1.5105997445421528e-41
128739815880411137,2.091409932035503e-38,2.158313525916227e-38,4.039091094248021e-28,3.587324068671532e-43,0.0
0,0.0,0.0,0.0,0.0,0.0
15616,0.0,0.0,0.0,0.0,0.0
0,-1.096335620842434e-29,6.205736281629412e-28,3.555374463684926e-41,7.46058592682175e-09,7.397374999417936e-38
66153216611695616,4.0389678347315804e-28,3.587324068671532e-43,0.0,0.0,0.0
0,0.0,0.0,0.0,0.0,0.0
1316364637508258048,1.5105997445421528e-41,7.46695238973416e-09,7.397374999417936e-38,2.0932035940698387e-38,2.1601071879505628e-38
1099813618176,0.0,0.0,0.0,0.0,0.0
0,0.0,2.1882676818896343e-41,0.0,0.0,0.0
0,0.0,0.0,0.0,2.099847615802614e-18,6.205658281466665e-28
3602928084703011612,7.397374999417936e-38,2.0932035940698387e-38,2.1601430611912495e-38,4.039091094248021e-28,3.587324068671532e-43
0,0.0,0.0,0.0,0.0,0.0
0,0.0,0.55645751953125,6.205691022275719e-28,1.5105997445421528e-41,7.46695238973416e-09
64211479092092974,2.1619008499848986e-38,4.039214353764462e-28,3.587324068671532e-43,0.0,0.0
0,0.0,0.0,0.0,0.0,2.1882676818896343e-41
0,0.0,0.0,0.0,0.0,0.0
8388992244954169344,6.205728577909635e-28,3.555374463684926e-41,7.46058592682175e-09,7.397374999417936e-38,2.0949972561041745e-38
1297037792209758720,3.587324068671532e-43,0.0,0.0,0.0,0.0
0,0.0,0.0,0.0,0.0,8.574164704622271e+25
46300053940874,7.46695238973416e-09,7.397374999417936e-38,2.0967909181385103e-38,2.163730385259921e-38,4.039091094248021e-28
256,0.0,0.0,0.0,0.0,0.0
0,2.1882676818896343e-41,0.0,0.0,0.0,0.0
0,0.0,0.0,-2.3203986432093554e+21,6.20563661475479e-28,3.555374463684926e-41
128739815880403969,2.0967909181385103e-38,2.1637662585006078e-38,4.0389678347315804e-28,3.587324068671532e-43,0.0
0,0.0,0.0,0.0,0.0,0.0
0,-7723.5,6.20563661475479e-28,1.5105997445421528e-41,7.46695238973416e-09,7.397374999417936e-38
66373118937302016,4.039091094248021e-28,3.587324068671532e-43,0.0,0.0,0.0
0,0.0,0.0,0.0,2.1882676818896343e-41,0.0
0,0.0,0.0,0.0,0.0,0.0
1316364004881817344,3.555374463684926e-41,7.46058592682175e-09,7.397374999417936e-38,2.098584580172846e-38,2.1655599205349435e-38
1099813617664,0.0,0.0,0.0,0.0,0.0
0,0.0,0.0,0.0,1.3002399870305327e-27,6.2056375777197625e-28
3602958871028574748,7.397374999417936e-38,2.1003782422071818e-38,2.1673177093285926e-38,4.039091094248021e-28,3.587324068671532e-43
0,0.0,0.0,0.0,0.0,0.0
67070209294336,0.0,0.0,0.0,0.0,0.0
0,0.0,1.9485386737771872e+19,6.205710281575163e-28,3.555374463684926e-41,7.46058592682175e-09
64376405836259374,2.1673535825692793e-38,4.0389678347315804e-28,3.587324068671532e-43,0.0,0.0
0,0.0,0.0,0.0,0.0,0.0
6994924750631862272,6.205660688879095e-28,1.5105997445421528e-41,7.46695238973416e-09,7.397374999417936e-38,2.1021719042415176e-38
1297037792209809920,3.587324068671532e-43,0.0,0.0,0.0,0.0
0,0.0,0.0,2.1882676818896343e-41,0.0,0.0
0,0.0,0.0,0.0,0.0,-1.1873198673129082e-06
108972216724049,7.46058592682175e-09,7.397374999417936e-38,2.1021719042415176e-38,2.169147244603615e-38,4.0389678347315804e-28
256,0.0,0.0,0.0,0.0,0.0
0,0.0,0.0,6.315555769377605e-38,6.205659725914123e-28,1.5105997445421528e-41
128739815880411137,2.1039655662758533e-38,2.170905033397264e-38,4.039091094248021e-28,3.587324068671532e-43,0.0
0,0.0,0.0,0.0,0.0,0.0
15616,0.0,0.0,0.0,0.0,0.0
0,-4.730556837238372e+24,6.205624577692638e-28,3.555374463684926e-41,7.46058592682175e-09,7.397374999417936e-38
66539145193134592,4.039091094248021e-28,3.587324068671532e-43,0.0,0.0,0.0
0,0.0,0.0,0.0,0.0,0.0
1316364304051879424,1.5105997445421528e-41,7.46695238973416e-09,7.397374999417936e-38,2.105759228310189e-38,2.1726986954316e-38
1099813617920,0.0,0.0,0.0,0.0,0.0
0,0.0,2.1882676818896343e-41,0.0,0.0,0.0
0,0.0,0.0,0.0,-6.118416074367984e+25,6.2057420594192455e-28
3602928084703011612,7.397374999417936e-38,2.105759228310189e-38,2.1727345686722866e-38,4.039091094248021e-28,3.587324068671532e-43
0,0.0,0.0,0.0,0.0,0.0
0,0.0,-4.980829544365406e-06,6.205696318583066e-28,1.5105997445421528e-41,7.46695238973416e-09
64596308161814574,2.1744923574659357e-38,4.039214353764462e-28,3.587324068671532e-43,0.0,0.0
0,0.0,0.0,0.0,0.0,2.1882676818896343e-41
0,0.0,0.0,0.0,0.0,0.0
6553431249661198336,6.205733392734496e-28,3.555374463684926e-41,7.46058592682175e-09,7.397374999417936e-38,2.107552890344525e-38
1297037792209848576,3.587324068671532e-43,0.0,0.0,0.0,0.0
0,0.0,0.0,0.0,0.0,6.640038918703794e-08
46300053940862,7.46695238973416e-09,7.397374999417936e-38,2.1093465523788606e-38,2.1763218927409581e-38,4.039091094248021e-28
256,0.0,0.0,0.0,0.0,0.0
0,2.1882676818896343e-41,0.0,0.0,0.0,0.0
0,0.0,0.0,1.6657721168624077e+31,6.205742540901732e-28,3.555374463684926e-41
128739815880403969,2.1093465523788606e-38,2.1763577659816449e-38,4.0389678347315804e-28,3.587324068671532e-43,0.0
0,0.0,0.0,0.0,0.0,0.0
0,-6992877846528.0,6.205692948205664e-28,1.5105997445421528e-41,7.46695238973416e-09,7.397374999417936e-38
66759047518740992,4.039091094248021e-28,3.587324068671532e-43,0.0,0.0,0.0
0,0.0,0.0,0.0,2.1882676818896343e-41,0.0
0,0.0,0.0,0.0,0.0,0.0
1316364704674612224,3.555374463684926e-41,7.46058592682175e-09,7.397374999417936e-38,2.1111402144131964e-38,2.1781514280159806e-38
1099813617664,0.0,0.0,0.0,0.0,0.0
0,0.0,0.0,0.0,-3950968832.0,6.205709800092677e-28
3602958871028574748,7.397374999417936e-38,2.1129338764475322e-38,2.1799092168096297e-38,4.039091094248021e-28,3.587324068671532e-43
0,0.0,0.0,0.0,0.0,0.0
67070209294336,0.0,0.0,0.0,0.0,0.0
0,0.0,1.9340085088970227e-13,6.205634688824846e-28,3.555374463684926e-41,7.46058592682175e-09
64761234905980974,2.1799450900503164e-38,4.0389678347315804e-28,3.587324068671532e-43,0.0,0.0
0,0.0,0.0,0.0,0.0,0.0
16227158851206512640,6.205681874108483e-28,1.5105997445421528e-41,7.46695238973416e-09,7.397374999417936e-38,2.114727538481868e-38
1297037792209899776,3.587324068671532e-43,0.0,0.0,0.0,0.0
0,0.0,0.0,2.1882676818896343e-41,0.0,0.0
0,0.0,0.0,0.0,0.0,-1.909347216353855e+27
108972216724202,7.46058592682175e-09,7.397374999417936e-38,2.114727538481868e-38,2.1817387520846522e-38,4.0389678347315804e-28
256,0.0,0.0,0.0,0.0,0.0
0,0.0,0.0,6.46650732960552e-09,6.205717985294941e-28,1.5105997445421528e-41
128739815880411137,2.1165212005162037e-38,2.1834965408783012e-38,4.039091094248021e-28,3.587324068671532e-43,0.0
0,0.0,0.0,0.0,0.0,0.0
15616,0.0,0.0,0.0,0.0,0.0
0,-0.0002466663718223572,6.205645762922026e-28,3.555374463684926e-41,7.46058592682175e-09,7.397374999417936e-38
66925073774573568,4.0389678347315804e-28,3.587324068671532e-43,0.0,0.0,0.0
0,0.0,0.0,0.0,0.0,0.0
5640516983478454016,2.7466516474422553e-12,2.446719042648038e-12,2.446941087252963e-12,2.446719042648038e-12,1.0143074177904055e-05
5571601756465007928,47326525652992.0,2.446719042648038e-12,2.446719042648038e-12,2.929888102964906e-12,1.0679088518372737e-05
11852813808830989,6.612514455782234e-39,-918243.125,-4.0140118707271686e+23,-9.477978425778693e+27,1.8367099231598242e-40
65554,0.0,0.0,0.0,0.0,0.0
0,5.601965265637464e-39,0.0,0.0,0.0,0.0
0,0.0,0.0,7113539584.0,1367.9908447265625,9.101783850405768e-39
14510648791673864448,-4.0140118707271686e+23,-9.516664052006361e+27,9.183549615799121e-41,9.186071953034906e-41,0.0
0,0.0,0.0,0.0,0.0,0.0
0,-5.589931483268507e-25,1367.9962158203125,3.867160569400269e-39,6.612514455782234e-39,-918243.125
17160684908991741953,1.8367099231598242e-40,9.186071953034906e-41,0.0,0.0,0.0
0,0.0,0.0,0.0,5.601965265637464e-39,0.0
0,0.0,0.0,0.0,0.0,0.0
4947905708347883520,9.101783850405768e-39,4.0411205633584805e-39,-918243.125,-5.19460349144458e+23,-1.2998370412496493e+28
281552286187520,0.0,0.0,0.0,0.0,0.0
0,0.0,0.0,0.0,-1.8380933703309326e+32,1363.1607666015625
20267297837554706,-918243.125,-6.705761126250837e+23,-1.6634819277897297e+28,9.183549615799121e-41,9.186071953034906e-41
0,0.0,0.0,0.0,0.0,0.0
17169973579350016,0.0,0.0,0.0,0.0,0.0
0,0.0,-4.64555367444968e-35,1364.172607421875,9.101783850405768e-39,4.0411205633584805e-39
16649244880108793394,-1.6712190530352634e+28,0.0,9.186071953034906e-41,0.0,0.0
0,0.0,0.0,0.0,0.0,0.0
11377500033621426176,1364.4208984375,3.867160569400269e-39,6.612514455782234e-39,-918243.125,-9.066944367685659e+23
281478978666496,9.186071953034906e-41,0.0,0.0,0.0,0.0
0,0.0,0.0,5.601965265637464e-39,0.0,0.0
0,0.0,0.0,0.0,0.0,3.601488996004131e-32
27896887481389012,4.0411205633584805e-39,-918243.125,-9.066944367685659e+23,-2.135446567767281e+28,0.0
65554,0.0,0.0,0.0,0.0,0.0
0,0.0,0.0,4.705437428587089e-17,1367.8907470703125,3.867160569400269e-39
14510648791675699456,-1.1428127609120482e+24,-2.8936848418295764e+28,9.183549615799121e-41,9.186071953034906e-41,0.0
0,0.0,0.0,0.0,0.0,0.0
3997696,0.0,0.0,0.0,0.0,0.0
0,-5634997092352.0,1362.6019287109375,9.101783850405768e-39,4.0411205633584805e-39,-918243.125
17202624680531460097,0.0,9.186071953034906e-41,0.0,0.0,0.0
0,0.0,0.0,0.0,0.0,0.0
4947785416250228736,3.867160569400269e-39,6.612514455782234e-39,-918243.125,-1.5489363504964317e+24,-3.667397366382939e+28
281552286187520,0.0,0.0,0.0,0.0,0.0
0,0.0,5.601965265637464e-39,0.0,0.0,0.0
0,0.0,0.0,0.0,822434697576448.0,1361.4595947265625
12385998493391890,-918243.125,-1.5489363504964317e+24,-3.6828716168740063e+28,0.0,9.186071953034906e-41
0,0.0,0.0,0.0,0.0,0.0
0,0.0,3.3881317890172014e-20,1360.6962890625,3.867160569400269e-39,6.612514455782234e-39
16705539875450924594,-4.920811656159387e+28,1.8367099231598242e-40,9.186071953034906e-41,0.0,0.0
0,0.0,0.0,0.0,0.0,5.601965265637464e-39
0,0.0,0.0,0.0,0.0,0.0
8585268264651718656,1367.50537109375,9.101783850405768e-39,4.0411205633584805e-39,-918243.125,-2.0211729987833962e+24
281478988562432,9.186071953034906e-41,0.0,0.0,0.0,0.0
0,0.0,0.0,0.0,0.0,-6.8598829524107395e+19
11852813808869919,6.612514455782234e-39,-918243.125,-2.568967654911463e+24,-6.468236705266112e+28,1.8367099231598242e-40
65554,0.0,0.0,0.0,0.0,0.0
0,5.601965265637464e-39,0.0,0.0,0.0,0.0
0,0.0,0.0,0.000339508056640625,1367.2774658203125,9.101783850405768e-39
14510648791673864448,-2.568967654911463e+24,-6.4991852062482464e+28,9.183549615799121e-41,9.186071953034906e-41,0.0
0,0.0,0.0,0.0,0.0,0.0
0,4.965133870973929e+34,1361.8109130859375,3.867160569400269e-39,6.612514455782234e-39,-918243.125
17258919675886698497,9.183549615799121e-41,9.186071953034906e-41,0.0,0.0,0.0
0,0.0,0.0,0.0,5.601965265637464e-39,0.0
0,0.0,0.0,0.0,0.0,0.0
4948039002682490880,9.101783850405768e-39,4.0411205633584805e-39,-918243.125,-3.513440951485392e+24,-8.232301261247779e+28
281552286121984,0.0,0.0,0.0,0.0,0.0
0,0.0,0.0,0.0,66520453480448.0,1367.6300048828125
20267297837554706,-918243.125,-4.457914248059321e+24,-1.126525435749696e+29,9.183549615799121e-41,9.186071953034906e-41
0,0.0,0.0,0.0,0.0,0.0
17169973579350016,0.0,0.0,0.0,0.0,0.0
0,0.0,-3984.0,1365.4732666015625,9.101783850405768e-39,4.0411205633584805e-39
16747761121957522994,-1.132715135946123e+29,0.0,9.186071953034906e-41,0.0,0.0
0,0.0,0.0,0.0,0.0,0.0
8201054921441673216,1360.9649658203125,3.867160569400269e-39,6.612514455782234e-39,-918243.125,-5.969071810807984e+24
281479001669632,9.186071953034906e-41,0.0,0.0,0.0,0.0
0,0.0,0.0,5.601965265637464e-39,0.0,0.0
0,0.0,0.0,0.0,0.0,1.4528632164001465e-07
27896887481342779,4.0411205633584805e-39,-918243.125,-5.969071810807984e+24,-1.442200145767468e+29,0.0
65554,0.0,0.0,0.0,0.0,0.0
0,0.0,0.0,3.191564163782621e+27,1367.4654541015625,3.867160569400269e-39
14510648791675699456,-7.858018403955842e+24,-1.9064276604994856e+29,9.183549615799121e-41,9.186071953034906e-41,0.0
0,0.0,0.0,0.0,0.0,0.0
3997696,0.0,0.0,0.0,0.0,0.0
0,-1.5516525430854195e-35,1364.39599609375,9.101783850405768e-39,4.0411205633584805e-39,-918243.125
17301422397379837953,0.0,9.186071953034906e-41,0.0,0.0,0.0
0,0.0,0.0,0.0,0.0,0.0
4947805023199232000,3.867160569400269e-39,6.612514455782234e-39,-918243.125,-9.822523437290367e+24,-2.5253976801421758e+29
281552286187520,0.0,0.0,0.0,0.0,0.0
0,0.0,5.601965265637464e-39,0.0,0.0,0.0
0,0.0,0.0,0.0,1627277209108480.0,1362.135986328125
12385998493391890,-918243.125,-9.822523437290367e+24,-2.5377770805350296e+29,0.0,9.186071953034906e-41
0,0.0,0.0,0.0,0.0,0.0
0,0.0,2.98904327368899e-31,1360.397216796875,3.867160569400269e-39,6.612514455782234e-39
16804056117299654194,-3.144367699784866e+29,9.183549615799121e-41,9.186071953034906e-41,0.0,0.0
0,0.0,0.0,0.0,0.0,5.601965265637464e-39
0,0.0,0.0,0.0,0.0,0.0
169729410956525568,1363.365478515625,9.101783850405768e-39,4.0411205633584805e-39,-918243.125,-1.3600416623586083e+25
281479011565568,9.186071953034906e-41,0.0,0.0,0.0,0.0
0,0.0,0.0,0.0,0.0,6.935543426150564e+17
11852813808883471,6.612514455782234e-39,-918243.125,-1.73783098098818e+25,-4.3575489382845386e+29,1.8367099231598242e-40
65554,0.0,0.0,0.0,0.0,0.0
0,5.601965265637464e-39,0.0,0.0,0.0,0.0
0,0.0,0.0,31981568.0,1366.992431640625,9.101783850405768e-39
14510648791673864448,-1.73783098098818e+25,-4.407066539855954e+29,0.0,9.186071953034906e-41,0.0
0,0.0,0.0,0.0,0.0,0.0
0,1.929879867024198e-17,1360.7327880859375,3.867160569400269e-39,6.612514455782234e-39,-918243.125
17357717392735076353,9.183549615799121e-41,9.186071953034906e-41,0.0,0.0,0.0
0,0.0,0.0,0.0,5.601965265637464e-39,0.0
0,0.0,0.0,0.0,0.0,0.0
4947944294577930240,9.101783850405768e-39,4.0411205633584805e-39,-918243.125,-2.2969592878520964e+25,-5.645006579141334e+29
281552286121984,0.0,0.0,0.0,0.0,0.0
0,0.0,0.0,0.0,1.4767147782204987e-37,1364.157958984375
20267297837554706,-918243.125,-3.0525379251112396e+25,-7.378122634140866e+29,9.183549615799121e-41,9.186071953034906e-41
0,0.0,0.0,0.0,0.0,0.0
17169973579350016,0.0,0.0,0.0,0.0,0.0
0,0.0,9.096904096153018e+36,1366.90673828125,9.101783850405768e-39,4.0411205633584805e-39
16846277363806252594,-7.427640235712282e+29,0.0,9.186071953034906e-41,0.0,0.0
0,0.0,0.0,0.0,0.0,0.0
2132735898536640512,1367.58984375,3.867160569400269e-39,6.612514455782234e-39,-918243.125,-3.808116562370383e+25
281479024672768,9.186071953034906e-41,0.0,0.0,0.0,0.0
0,0.0,0.0,5.601965265637464e-39,0.0,0.0
0,0.0,0.0,0.0,0.0,2.076849341392517e-07
27896887481378015,4.0411205633584805e-39,-918243.125,-3.808116562370383e+25,-9.903520314283042e+29,0.0
65554,0.0,0.0,0.0,0.0,0.0
0,0.0,0.0,1.3084588083507766e+36,1363.4122314453125,3.867160569400269e-39
14510648791675699456,-5.258827776492239e+25,-1.2329882791282388e+30,9.183549615799121e-41,9.186071953034906e-41,0.0
0,0.0,0.0,0.0,0.0,0.0
3997696,0.0,0.0,0.0,0.0,0.0
0,-7.604619126330554e-28,1366.7452392578125,9.101783850405768e-39,4.0411205633584805e-39,-918243.125
17400220114228215809,0.0,9.186071953034906e-41,0.0,0.0,0.0
0,0.0,0.0,0.0,0.0,0.0
4947915197256433664,3.867160569400269e-39,6.612514455782234e-39,-918243.125,-6.769985051010525e+25,-1.6935019737424002e+30
281552286187520,0.0,0.0,0.0,0.0,0.0
0,0.0,5.601965265637464e-39,0.0,0.0,0.0
0,0.0,0.0,0.0,-1.5078125,1360.3800048828125
12385998493391890,-918243.125,-6.769985051010525e+25,-1.7034054940566833e+30,0.0,9.186071953034906e-41
0,0.0,0.0,0.0,0.0,0.0
0,0.0,32614907904.0,42123.07421875,12.45490837097168,2.446719042648038e-12
3182967604875635756,1.5291994016550237e-13,6.799475890966684e-33,221489201152.0,2.448002954860695e-12,2.4467281499462867e-12
5632925802164923436,3.9659582284912176e-08,-1.2261447011798626e-13,1.3861920509020131e-13,132096.0,5.0208380445739975e+19
15924729289853895113,9.404224976922222e-38,2.352280138309297e-38,0.0,0.0,0.0
0,0.0,0.0,0.0,0.03125,0.0
0,0.0,0.0,0.0,0.0,0.0
12259550617483083776,2.879008252489789e+21,1.8332002582610585e-12,5.0208380445739975e+19,-4.039187872227727e-28,-2.305907330643919e+18
72077385264005361,0.0,0.0,0.0,0.0,0.0
0,0.0,0.0,0.0,3.961408125713217e+28,-2.674806177330874e-13
5188428246414004804,5.0208380445739975e+19,-512.0278930664062,6.311063283802074e-30,9.404226097960993e-38,2.352280138309297e-38
0,0.0,0.0,0.0,0.0,0.0
4395513236313604096,0.0,0.0,0.0,0.0,0.0
0,0.0,-5.902958103587057e+20,-1.6405260938774646e-13,2.879008252489789e+21,1.8332002582610585e-12
14123290395847569920,2.5244253135208294e-29,2.3510565244902483e-38,2.352280138309297e-38,0.0,0.0
0,0.0,0.0,0.0,0.0,0.0
11817445422220181504,-1.4425545718892152e-13,1.3861920509020131e-13,132096.0,5.0208380445739975e+19,-6.490724659792255e+32
72058634476978410,2.352280138309297e-38,0.0,0.0,0.0,0.0
0,0.0,0.0,0.03125,0.0,0.0
0,0.0,0.0,0.0,0.0,2199023255552.0
7141603195235982024,1.8332002582610585e-12,5.0208380445739975e+19,-6.490724659792255e+32,2.0000557899475098,3.3911422836660573e-43
16781824,0.0,0.0,0.0,0.0,0.0
0,0.0,0.0,512.0,-2.8599976662109505e-13,1.3861920509020131e-13
6930531853359185920,7.105814451657897e-15,6.338430562120903e+29,2.3510565244902483e-38,2.352280138309297e-38,0.0
0,0.0,0.0,0.0,0.0,0.0
1023410176,0.0,0.0,0.0,0.0,0.0
0,7.62939453125e-06,-4.190665555455636e-13,2.879008252489789e+21,1.8332002582610585e-12,5.0208380445739975e+19
8214566730312188361,3.3911422836660573e-43,2.352280138309297e-38,0.0,0.0,0.0
0,0.0,0.0,0.0,0.0,0.0
12291557287570440192,1.3861920509020131e-13,132096.0,5.0208380445739975e+19,9007689954754560.0,-6.939088291351178e-18
72077385264005362,0.0,0.0,0.0,0.0,0.0
0,0.0,0.03125,0.0,0.0,0.0
0,0.0,0.0,0.0,2251799813685248.0,-1.1828851700229626e-13
3170815614308323908,5.0208380445739975e+19,9007689954754560.0,-2.7756353165404713e-17,3.3911422836660573e-43,2.352280138309297e-38
0,0.0,0.0,0.0,0.0,0.0
0,0.0,-3.0517578125e-05,-1.1837027939862882e-13,1.3861920509020131e-13,132096.0
10088065129723605504,-8796339437568.0,2.3510565244902483e-38,2.352280138309297e-38,0.0,0.0
0,0.0,0.0,0.0,0.0,0.03125
0,0.0,0.0,0.0,0.0,0.0
16429131440647569408,-1.80112354067688e-13,2.879008252489789e+21,1.8332002582610585e-12,5.0208380445739975e+19,-9.861298516180973e-32
1042972410091,2.352280138309297e-38,0.0,0.0,0.0,0.0
0,0.0,0.0,0.0,0.0,-8192.0
3034320335065802601,132096.0,5.0208380445739975e+19,-0.1250068098306656,9.629919488706143e-35,9.404227218999765e-38
16781824,0.0,0.0,0.0,0.0,0.0
0,0.03125,0.0,0.0,0.0,0.0
0,0.0,0.0,-32768.0,-1.7976783527485357e-13,2.879008252489789e+21
6930531852889423872,-0.1250068098306656,3.851967795482457e-34,2.351056804749941e-38,2.352280138309297e-38,0.0
0,0.0,0.0,0.0,0.0,0.0
0,-2251799813685248.0,-3.442429989067991e-13,1.3861920509020131e-13,132096.0,5.0208380445739975e+19
4107283873505739209,9.404227218999765e-38,2.352280138309297e-38,0.0,0.0,0.0
0,0.0,0.0,0.0,0.03125,0.0
0,0.0,0.0,0.0,0.0,0.0
12294337882130219008,2.879008252489789e+21,1.8332002582610585e-12,5.0208380445739975e+19,-1.5846495751445936e+29,0.0004882949288003147
72077385264005363,0.0,0.0,0.0,0.0,0.0
0,0.0,0.0,0.0,-2.535301200456459e+30,-3.509009218177067e-13
5188428246414004804,5.0208380445739975e+19,1.7348179813617913e-18,6.189874333690957e+26,2.351056804749941e-38,2.352280138309297e-38
0,0.0,0.0,0.0,0.0,0.0
4395513236313604096,0.0,0.0,0.0,0.0,0.0
0,0.0,8.0,-1.549157937347223e-13,2.879008252489789e+21,1.8332002582610585e-12
2449960161703244288,2.475949733476383e+27,3.4051552683093055e-43,2.352280138309297e-38,0.0,0.0
0,0.0,0.0,0.0,0.0,0.0
3314649325744685056,-2.1603779962880987e-13,1.3861920509020131e-13,132096.0,5.0208380445739975e+19,2199143055360.0
72058640365781228,2.352280138309297e-38,0.0,0.0,0.0,0.0
0,0.0,0.0,0.03125,0.0,0.0
0,0.0,0.0,0.0,0.0,1.5845632502852868e+29
7141603195226276472,1.8332002582610585e-12,5.0208380445739975e+19,2199143055360.0,-2.710581686926481e-20,3.4051552683093055e-43
16781824,0.0,0.0,0.0,0.0,0.0
0,0.0,0.0,549755813888.0,-3.356793196272051e-13,1.3861920509020131e-13
6930531853359185920,-2.4075435830519954e-35,-8590176256.0,2.351056804749941e-38,2.352280138309297e-38,0.0
0,0.0,0.0,0.0,0.0,0.0
1023410176,0.0,0.0,0.0,0.0,0.0
0,4.547473508864641e-13,-2.1982142126529547e-13,2.879008252489789e+21,1.8332002582610585e-12,5.0208380445739975e+19
15060038169787367881,3.4051552683093055e-43,2.352280138309297e-38,0.0,0.0,0.0
