timestamp,x,y,z,quality
7378419483023667042,7.564174712174954e+28,1.3742193455085703e+31,2.7344706408426347e+20,7.447447276340848e+31
0,0.0,0.0,0.0,0.0
112585746506029,1.7444248240752224e+28,4.8411966373828456e+30,0.0,0.0
0,0.0,0.0,0.0,0.0
0,0.0,0.0,0.0,0.0
0,0.0,0.0,0.0,0.0
17997,1.0528510355212184e-11,0.0,0.0,0.0
0,0.0,0.0,0.0,0.0
0,62720.0,2.350988701644575e-38,6.018531076210112e-36,137438953472.0
13376,0.0,0.0,0.0,0.0
0,0.0,0.0,0.0,0.0
0,0.0,0.0,0.0,0.0
0,0.0,0.0,0.0,0.0
0,0.0,0.0,0.0,0.0
0,0.0,0.0,0.0,1.5612034346858506e-39
13846391289151488,0.0,0.0,0.0,0.0
0,2.5943639768509663e-41,14239711232.0,1.2004883198635241e-11,173.3125
0,0.0,0.0,0.0,0.0
0,0.0,0.0,0.0,0.0
0,0.0,0.0,0.0,0.0
0,0.0,0.0,0.0,0.0
0,0.0,0.0,7.006492321624085e-44,4.125486441353132e-08
3545793265149161778,1.1614308473295587e-11,4.4985604574776517e-08,4.1490412883149475e-08,1.0563112482486758e-05
0,0.0,0.0,0.0,0.0
0,0.0,9.40388137853877e-39,1.3612495422421489e-05,1.0663648630782063e-08
4121466999891034112,0.0,0.0,0.0,1.800388266964525e-41
6355195008086127157,6.591734380556602e-10,4.656612873077393e-10,0.0,0.0
0,0.0,0.0,0.0,0.0
0,0.0,0.0,0.0,0.0
0,0.0,0.0,0.0,0.0
0,0.0,0.0,0.0,0.0
0,0.0,0.0,0.0,0.0
0,0.0,0.0,0.0,0.0
0,0.0,0.0,0.0,0.0
0,0.0,0.0,0.0,0.0
0,0.0,0.0,0.0,0.0
0,0.0,0.0,0.0,0.0
0,0.0,0.0,0.0,0.0
0,0.0,0.0,0.0,0.0
0,0.0,0.0,0.0,0.0
0,0.0,0.0,0.0,0.0
0,0.0,0.0,0.0,0.0
0,0.0,0.0,-1.7414579977712008e-13,1.1368685127414319e-13
5188201945504481536,-27783069696.0,2.223047896236262e-23,2.352280138309297e-38,2.350988701644575e-38
0,0.0,0.0,0.0,0.0
0,0.03125,0.0,0.0,0.0
0,0.0,0.0,0.0,2.073500246271847e+35
12268951197993402369,1.8217749357674062e-12,1.158708630128018e+20,-27783069696.0,8.892191584945048e-23
19791226077184,0.0,0.0,0.0,0.0
0,0.0,0.0,0.0,0.0
10986567637840171548,1.1368685127414319e-13,131272.71875,1.158708630128018e+20,3.0562853121379475e-37
5464836672854168064,2.350988701644575e-38,0.0,0.0,0.0
0,0.0,0.0,0.0,0.03125
0,0.0,0.0,0.0,0.0
0,1.2270843487095697e-15,-1.7414579977712008e-13,2.3611835229097993e+21,1.8217749357674062e-12
6974106597518737408,112721920.0,2.352280138309297e-38,2.350988701644575e-38,0.0
0,0.0,0.0,0.0,0.0
0,0.0,22888110.0,-1.7414579977712008e-13,1.1368685127414319e-13
5188201945504481536,3.8743019104003906e-07,3.5723002386719614e+37,9.409120553237187e-38,2.350988701644575e-38
0,0.0,0.0,0.0,0.0
0,0.03125,0.0,0.0,0.0
0,0.0,0.0,0.0,-2.815813193725147e-27
12268951197993402369,1.8217749357674062e-12,1.158708630128018e+20,3.8743019104003906e-07,1.4289200954687846e+38
72077385264005120,0.0,0.0,0.0,0.0
0,0.0,0.0,0.0,0.0
5698064742875402780,1.1368685127414319e-13,131272.71875,1.158708630128018e+20,4.911261142184431e+23
12670596076663738880,2.350988701644575e-38,0.0,0.0,0.0
0,0.0,0.0,0.0,0.03125
0,0.0,0.0,0.0,0.0
0,-490658562048.0,-1.7414579977712008e-13,2.3611835229097993e+21,1.8217749357674062e-12
6974106599196459008,-1.5643308870494366e-09,2.352280138309297e-38,2.350988701644575e-38,0.0
0,0.0,0.0,0.0,0.0
0,0.0,3.781859374274443e-12,-1.7414579977712008e-13,1.1368685127414319e-13
5188201945504481536,-5.37667398159468e-24,-4.957562469809442e+20,9.409120553237187e-38,2.350988701644575e-38
0,0.0,0.0,0.0,0.0
0,0.03125,0.0,0.0,0.0
0,0.0,0.0,0.0,4.485210515298268e+19
12268951197993402369,1.8217749357674062e-12,1.158708630128018e+20,-5.37667398159468e-24,-1.9830249879237768e+21
72077385264005120,0.0,0.0,0.0,0.0
0,0.0,0.0,0.0,0.0
11696464064728535580,1.1368685127414319e-13,131272.71875,1.158708630128018e+20,-6815744.0
1501950475744842240,2.350988701644575e-38,0.0,0.0,0.0
0,0.0,0.0,0.0,0.03125
0,0.0,0.0,0.0,0.0
0,-53161947561984.0,-1.7414579977712008e-13,2.3611835229097993e+21,1.8217749357674062e-12
6974106600874180608,8.724170523020214e-26,6.457183323608757e-42,2.350988701644575e-38,0.0
0,0.0,0.0,0.0,0.0
0,0.0,-1.8934596423208862e-18,-1.7414579977712008e-13,1.1368685127414319e-13
5188201945504481536,-8.639981972601953e+36,27648.0,2.352280138309297e-38,2.350988701644575e-38
0,0.0,0.0,0.0,0.0
0,0.03125,0.0,0.0,0.0
0,0.0,0.0,0.0,147897794560.0
12268951197993402369,1.8217749357674062e-12,1.158708630128018e+20,-8.639981972601953e+36,110592.0
19791226077184,0.0,0.0,0.0,0.0
0,0.0,0.0,0.0,0.0
15598112214404567580,1.1368685127414319e-13,131272.71875,1.158708630128018e+20,9.5042196335271e-11
8707709879537635840,2.350988701644575e-38,0.0,0.0,0.0
0,0.0,0.0,0.0,0.03125
0,0.0,0.0,0.0,0.0
0,-5.757346844555657e-40,-1.7414579977712008e-13,2.3611835229097993e+21,1.8217749357674062e-12
6974106598257000448,1.4019201518044035e+35,6.457183323608757e-42,2.350988701644575e-38,0.0
0,0.0,0.0,0.0,0.0
0,0.0,8.130623455567609e-19,-1.7414579977712008e-13,1.1368685127414319e-13
5188201945504481536,1.2048029723141551e+20,-3.836930773104541e-13,2.352280138309297e-38,2.350988701644575e-38
0,0.0,0.0,0.0,0.0
0,0.03125,0.0,0.0,0.0
0,0.0,0.0,0.0,6.246550499078296e-10
12268951197993402369,1.8217749357674062e-12,1.158708630128018e+20,1.2048029723141551e+20,-1.5347723092418164e-12
19791226077184,0.0,0.0,0.0,0.0
0,0.0,0.0,0.0,0.0
11373278117985784348,1.1368685127414319e-13,131272.71875,1.158708630128018e+20,-1.3189754335295317e-27
15913469283330429440,2.350988701644575e-38,0.0,0.0,0.0
0,0.0,0.0,0.0,0.03125
0,0.0,0.0,0.0,0.0
0,-1.0702617597469262e+19,-1.7414579977712008e-13,2.3611835229097993e+21,1.8217749357674062e-12
6974106599934722048,-1.9455550390240543e+18,2.352280138309297e-38,2.350988701644575e-38,0.0
0,0.0,0.0,0.0,0.0
0,0.0,7.788786514368383e+31,-1.7414579977712008e-13,1.1368685127414319e-13
5188201945504481536,-1672.0,5.349463013529986e-30,9.409120553237187e-38,2.350988701644575e-38
0,0.0,0.0,0.0,0.0
0,0.03125,0.0,0.0,0.0
0,0.0,0.0,0.0,-3.983083196601456e-09
12268951197993402369,1.8217749357674062e-12,1.158708630128018e+20,-1672.0,2.1397852054119945e-29
72077385264005120,0.0,0.0,0.0,0.0
0,0.0,0.0,0.0,0.0
15175593647019397660,1.1368685127414319e-13,131272.71875,1.158708630128018e+20,-2.1195118035815996e+33
4672766088407159296,2.350988701644575e-38,0.0,0.0,0.0
0,0.0,0.0,0.0,0.03125
0,0.0,0.0,0.0,0.0
0,-1.9674817771351844e-16,-1.7414579977712008e-13,2.3611835229097993e+21,1.8217749357674062e-12
6974106601612443648,27.125,2.352280138309297e-38,2.350988701644575e-38,0.0
0,0.0,0.0,0.0,0.0
0,0.0,-7.857733548429996e+37,-1.7414579977712008e-13,1.1368685127414319e-13
5188201945504481536,2.3314683517128287e-14,3.4385022531190723e+31,2.352280138309297e-38,2.350988701644575e-38
0,0.0,0.0,0.0,0.0
0,0.03125,0.0,0.0,0.0
0,0.0,0.0,0.0,-4.442779711423582e-15
12268951197993402369,1.8217749357674062e-12,1.158708630128018e+20,2.3314683517128287e-14,1.3754009012476289e+32
19791226077184,0.0,0.0,0.0,0.0
0,0.0,0.0,0.0,0.0
16341230217622458908,1.1368685127414319e-13,131272.71875,1.158708630128018e+20,2.955487255461888e+16
11950583086221103616,2.350988701644575e-38,0.0,0.0,0.0
0,0.0,0.0,0.0,0.03125
0,0.0,0.0,0.0,0.0
0,-2.584575705174694e-21,-1.7414579977712008e-13,2.3611835229097993e+21,1.8217749357674062e-12
6974106598995263488,-1.5057399771478686e-15,6.457183323608757e-42,2.350988701644575e-38,0.0
0,0.0,0.0,0.0,0.0
0,0.0,-3.4277075754980435e+25,-1.7414579977712008e-13,1.1368685127414319e-13
5188201945504481536,-3.2355623065705562e-31,-477188046454784.0,2.352280138309297e-38,2.350988701644575e-38
0,0.0,0.0,0.0,0.0
0,0.03125,0.0,0.0,0.0
0,0.0,0.0,0.0,1.0216912572353382e+32
12268951197993402369,1.8217749357674062e-12,1.158708630128018e+20,-3.2355623065705562e-31,-1908752185819136.0
19791226077184,0.0,0.0,0.0,0.0
0,0.0,0.0,0.0,0.0
610297632799330844,1.1368685127414319e-13,131272.71875,1.158708630128018e+20,-0.41015625
709879891281056256,2.350988701644575e-38,0.0,0.0,0.0
0,0.0,0.0,0.0,0.03125
0,0.0,0.0,0.0,0.0
0,1.1433803594366011e-32,-1.7414579977712008e-13,2.3611835229097993e+21,1.8217749357674062e-12
6974106600672985088,2.099263639382087e-32,6.457183323608757e-42,2.350988701644575e-38,0.0
0,0.0,0.0,0.0,0.0
0,0.0,7.631221876636118e-08,-1.7414579977712008e-13,1.1368685127414319e-13
5188201945504481536,-5.199348164998597e+29,0.00665283203125,2.352280138309297e-38,2.350988701644575e-38
0,0.0,0.0,0.0,0.0
0,0.03125,0.0,0.0,0.0
0,0.0,0.0,0.0,4037253005312.0
12268951197993402369,1.8217749357674062e-12,1.158708630128018e+20,-5.199348164998597e+29,0.026611328125
19791226077184,0.0,0.0,0.0,0.0
0,0.0,0.0,0.0,0.0
7915044932321496647,49452.171875,2.446719042648038e-12,6.263600749178977e-10,2.446719042648038e-12
3182416800567141447,882069696.0,2.4490505109997507e-12,2.446719042648038e-12,2.446719042648038e-12
3192537934439069453,1.639600973298829e-32,5.624828165360588e-22,3.6734338593042917e-38,5.111023063109066e-11
9802146168822272,1.8369621568834027e-40,9.183549615799121e-41,0.0,0.0
0,0.0,0.0,0.0,0.0
17169973579350016,0.0,0.0,0.0,0.0
0,0.0,6.923085635729008e-39,340.53179931640625,7.510799961981491e-22
84442708539656449,3.1980994072206705e-39,1.0180108242076073e-38,9.186071953034906e-41,9.183549615799121e-41
0,0.0,0.0,0.0,0.0
0,0.0,0.0,1.5609458760281077e-38,6.254581349559132e-38
2029434582105325618,5.111023063109066e-11,7.789874215120231e-39,1.4680047553817642e-38,1.8369621568834027e-40
281474976710656,0.0,0.0,0.0,0.0
0,0.0,5.601965265637464e-39,0.0,0.0
0,0.0,0.0,0.0,0.0
34456590629880850,7.510799961981491e-22,3.159155080819541e-38,5.111023063109066e-11,7.789874215120231e-39
45275689808625682,9.183549615799121e-41,0.0,0.0,0.0
0,0.0,0.0,0.0,0.0
16013150,3.171449520777969e-07,5.624828165360588e-22,3.6734338593042917e-38,5.111023063109066e-11
37949643846310400,9.186071953034906e-41,9.183549615799121e-41,0.0,0.0
0,0.0,0.0,0.0,0.0
17169973579350016,0.0,0.0,0.0,0.0
0,0.0,2.1113184595778585e-38,-6.281702950949567e+21,7.510799961981491e-22
84442708539656449,1.2381649023019792e-38,1.9179986865559211e-38,2.5223372357846707e-44,9.183549615799121e-41
0,0.0,0.0,0.0,0.0
0,0.0,0.0,1.5195904754892608e-39,-1.1316110027659447e+38
2029434582105325618,5.111023063109066e-11,1.6973423830919352e-38,1.7039789326189776e-40,9.186071953034906e-41
281474976710656,0.0,0.0,0.0,0.0
0,0.0,5.601965265637464e-39,0.0,0.0
0,0.0,0.0,0.0,0.0
67213945419219986,7.510799961981491e-22,3.159155080819541e-38,5.111023063109066e-11,1.6973423830919352e-38
803742999904274,9.183549615799121e-41,0.0,0.0,0.0
0,0.0,0.0,0.0,0.0
11036455,22317092.0,5.624828165360588e-22,3.6734338593042917e-38,5.111023063109066e-11
66097141507152640,9.186071953034906e-41,9.183549615799121e-41,0.0,0.0
0,0.0,0.0,0.0,0.0
17169973579350016,0.0,0.0,0.0,0.0
0,0.0,6.002177508347096e-39,-87176.140625,7.510799961981491e-22
84442708539656449,2.1565198638818913e-38,4.8540081973194495e-39,2.5223372357846707e-44,9.183549615799121e-41
0,0.0,0.0,0.0,0.0
0,0.0,0.0,3.3039156581572304e-39,-1.2098119814979436e-12
2029434582105325618,5.111023063109066e-11,2.6474451626795904e-39,9.353947509061019e-39,9.186071953034906e-41
281474976710656,0.0,0.0,0.0,0.0
0,0.0,5.601965265637464e-39,0.0,0.0
0,0.0,0.0,0.0,0.0
3308993978713106,7.510799961981491e-22,3.159155080819541e-38,5.111023063109066e-11,2.6474451626795904e-39
28951240670969874,9.183549615799121e-41,0.0,0.0,0.0
0,0.0,0.0,0.0,0.0
6662500,87176.140625,5.624828165360588e-22,3.6734338593042917e-38,5.111023063109066e-11
22188144658471680,1.8369621568834027e-40,9.183549615799121e-41,0.0,0.0
0,0.0,0.0,0.0,0.0
17169973579350016,0.0,0.0,0.0,0.0
0,0.0,9.884254899900103e-39,0.0207844115793705,7.510799961981491e-22
84442708539656449,7.239219970579151e-39,1.403755781311857e-38,9.186071953034906e-41,9.183549615799121e-41
0,0.0,0.0,0.0,0.0
0,0.0,0.0,9.339870064688412e-39,340.53179931640625
2029434582105325618,5.111023063109066e-11,1.1830994778478712e-38,1.853749712486014e-38,1.8369621568834027e-40
281474976710656,0.0,0.0,0.0,0.0
0,0.0,5.601965265637464e-39,0.0,0.0
0,0.0,0.0,0.0,0.0
58826490903151634,7.510799961981491e-22,3.159155080819541e-38,5.111023063109066e-11,1.1830994778478712e-38
57098738342101010,9.183549615799121e-41,0.0,0.0,0.0
0,0.0,0.0,0.0,0.0
12069277,-1.2098119814979436e-12,5.624828165360588e-22,3.6734338593042917e-38,5.111023063109066e-11
50335642336156416,9.186071953034906e-41,9.183549615799121e-41,0.0,0.0
0,0.0,0.0,0.0,0.0
17169973579350016,0.0,0.0,0.0,0.0
0,0.0,3.6033633308941936e-39,0.0207844115793705,7.510799961981491e-22
84442708539656449,1.6422769586378272e-38,2.3312942925075683e-38,2.5223372357846707e-44,9.183549615799121e-41
0,0.0,0.0,0.0,0.0
0,0.0,0.0,6.267052345372237e-39,4.2981155754444826e-27
2029434582105325618,5.111023063109066e-11,2.1014544394277833e-38,4.3033539527783694e-39,9.186071953034906e-41
281474976710656,0.0,0.0,0.0,0.0
0,0.0,5.601965265637464e-39,0.0,0.0
0,0.0,0.0,0.0,0.0
66780190867080210,7.510799961981491e-22,3.159155080819541e-38,5.111023063109066e-11,2.1014544394277833e-38
13471216463511570,9.183549615799121e-41,0.0,0.0,0.0
0,0.0,0.0,0.0,0.0
4977060,-1.1003175873137875e-24,5.624828165360588e-22,3.6734338593042917e-38,5.111023063109066e-11
6426645470698496,9.186071953034906e-41,9.183549615799121e-41,0.0,0.0
0,0.0,0.0,0.0,0.0
17169973579350016,0.0,0.0,0.0,0.0
0,0.0,9.54024593599761e-39,1.1050888698886178e+35,7.510799961981491e-22
84442708539656449,2.0967909181385103e-39,8.986964256835921e-39,2.5223372357846707e-44,9.183549615799121e-41
0,0.0,0.0,0.0,0.0
0,0.0,0.0,5.464874835574103e-39,1.053894872559183e+29
2029434582105325618,5.111023063109066e-11,6.688565726038071e-39,1.348690356857749e-38,9.186071953034906e-41
281474976710656,0.0,0.0,0.0,0.0
0,0.0,5.601965265637464e-39,0.0,0.0
0,0.0,0.0,0.0,0.0
54851195657405458,7.510799961981491e-22,3.159155080819541e-38,5.111023063109066e-11,6.688565726038071e-39
41618714134577170,9.183549615799121e-41,0.0,0.0,0.0
0,0.0,0.0,0.0,0.0
10271989,348704.5625,5.624828165360588e-22,3.6734338593042917e-38,5.111023063109066e-11
34574143148317696,9.186071953034906e-41,9.183549615799121e-41,0.0,0.0
0,0.0,0.0,0.0,0.0
17169973579350016,0.0,0.0,0.0,0.0
0,0.0,1.0235315197675077e-38,-1.639600973298829e-32,7.510799961981491e-22
84442708539656449,1.1280340533937631e-38,1.8170513872635042e-38,2.5223372357846707e-44,9.183549615799121e-41
0,0.0,0.0,0.0,0.0
0,0.0,0.0,1.9053697644058866e-38,5990698767613952.0
2029434582105325618,5.111023063109066e-11,1.5872115341837192e-38,2.2670453184376612e-38,1.8369621568834027e-40
281474976710656,0.0,0.0,0.0,0.0
0,0.0,5.601965265637464e-39,0.0,0.0
0,0.0,0.0,0.0,0.0
54421464449434642,7.510799961981491e-22,3.159155080819541e-38,5.111023063109066e-11,1.5872115341837192e-38
69766211805708306,9.183549615799121e-41,0.0,0.0,0.0
0,0.0,0.0,0.0,0.0
3763085,-7.211041340219638e-20,5.624828165360588e-22,3.6734338593042917e-38,5.111023063109066e-11
62721640809159936,1.8369621568834027e-40,9.183549615799121e-41,0.0,0.0
0,0.0,0.0,0.0,0.0
17169973579350016,0.0,0.0,0.0,0.0
0,0.0,1.8818317337110833e-40,-4.839247925991774e-12,7.510799961981491e-22
84442708539656449,2.0463890149736753e-38,3.8445352043952805e-39,9.186071953034906e-41,9.183549615799121e-41
0,0.0,0.0,0.0,0.0
0,0.0,0.0,5.753732895816163e-39,0.0207844115793705
2029434582105325618,5.111023063109066e-11,1.5461366735974302e-39,8.436310012294841e-39,9.186071953034906e-41
281474976710656,0.0,0.0,0.0,0.0
0,0.0,5.601965265637464e-39,0.0,0.0
0,0.0,0.0,0.0,0.0
32595158867002386,7.510799961981491e-22,3.159155080819541e-38,5.111023063109066e-11,1.5461366735974302e-39
26138689927118866,9.183549615799121e-41,0.0,0.0,0.0
0,0.0,0.0,0.0,0.0
4671769,4.506900837637274e-21,5.624828165360588e-22,3.6734338593042917e-38,5.111023063109066e-11
18812643960544512,9.186071953034906e-41,9.183549615799121e-41,0.0,0.0
0,0.0,0.0,0.0,0.0
17169973579350016,0.0,0.0,0.0,0.0
0,0.0,9.375444828802226e-39,-5850291765248.0,7.510799961981491e-22
84442708539656449,6.137911481496991e-39,1.3119920316352393e-38,2.5223372357846707e-44,9.183549615799121e-41
0,0.0,0.0,0.0,0.0
0,0.0,0.0,4.233843943754001e-39,-1.0791883495006034e+32
2029434582105325618,5.111023063109066e-11,1.0729686289396551e-38,1.7619859628093962e-38,9.186071953034906e-41
281474976710656,0.0,0.0,0.0,0.0
0,0.0,5.601965265637464e-39,0.0,0.0
0,0.0,0.0,0.0,0.0
37238285506593810,7.510799961981491e-22,3.159155080819541e-38,5.111023063109066e-11,1.0729686289396551e-38
54286187598184466,9.183549615799121e-41,0.0,0.0,0.0
0,0.0,0.0,0.0,0.0
6202263,21.28323745727539,5.624828165360588e-22,3.6734338593042917e-38,5.111023063109066e-11
46960141638163712,9.186071953034906e-41,9.183549615799121e-41,0.0,0.0
0,0.0,0.0,0.0,0.0
17169973579350016,0.0,0.0,0.0,0.0
0,0.0,2.048029094696321e-38,-357073472.0,7.510799961981491e-22
84442708539656449,1.5321461097296112e-38,2.2303469932151514e-38,2.5223372357846707e-44,9.183549615799121e-41
0,0.0,0.0,0.0,0.0
0,0.0,0.0,3.6798910426279005e-39,-89268368.0
2029434582105325618,5.111023063109066e-11,1.9913235905195672e-38,3.2938809598542004e-39,9.186071953034906e-41
281474976710656,0.0,0.0,0.0,0.0
0,0.0,5.601965265637464e-39,0.0,0.0
0,0.0,0.0,0.0,0.0
37314701396952082,7.510799961981491e-22,3.159155080819541e-38,5.111023063109066e-11,1.9913235905195672e-38
10377190742949906,9.183549615799121e-41,0.0,0.0,0.0
0,0.0,0.0,0.0,0.0
4588259,41.06963348388672,51009.171875,2.446719042648038e-12,2.503562461508846e-12
3182967604875373111,3.362646384630352e-05,52818.30078125,172.17318725585938,2.446719042648038e-12
3182967604875382316,46784235700224.0,4.2729482963124735e-31,4.927668948269627e-28,1.1766422945242624e-40
3615933967246559959,3.080334284278813e-41,7.174648137343064e-43,4.039091094248021e-28,0.0
0,0.0,0.0,0.0,0.0
15616,0.0,0.0,0.0,0.0
0,0.0,0.0,6.657709133853638e-41,-3344320954368.0
1305026843681827840,1.0150139395648239e-08,2.3517664222922753e-38,3.116207524965528e-41,3.587324068671532e-43
1297037792194330624,0.0,0.0,0.0,0.0
0,0.0,0.0,0.0,6.047163392947316e-41
2844491848999512576,1.1766422945242624e-40,1.0150139395648239e-08,2.355353746360947e-38,4.873996318614579e-41
2199325245696,0.0,0.0,0.0,0.0
0,0.0,0.0,2.1882676818896343e-41,0.0
0,0.0,0.0,0.0,0.0
46567,31937672.0,4.934694740706751e-28,1.0761972206014595e-40,1.0150139395648239e-08
72124488153598174,3.587324068671532e-43,4.039091094248021e-28,0.0,0.0
0,0.0,0.0,0.0,0.0
0,5.885173290471367e-41,64066174976.0,4.927668948269627e-28,1.1766422945242624e-40
3615933967246585559,6.595911871576914e-41,3.587324068671532e-43,4.039091094248021e-28,0.0
0,0.0,0.0,0.0,0.0
15616,0.0,0.0,0.0,0.0
0,0.0,0.0,1.850134362448056e-41,-5.1884074835951977e-14
1305026843681827840,1.0150139395648239e-08,2.3589410704296184e-38,6.631785112263629e-41,0.0
1297037792194330624,0.0,0.0,0.0,0.0
0,0.0,0.0,0.0,5.612200349620892e-41
16509257543371729408,1.1766422945242624e-40,1.0150139395648239e-08,2.36252839449829e-38,8.38957390591268e-41
1099813617920,0.0,0.0,0.0,0.0
0,0.0,0.0,2.1882676818896343e-41,0.0
0,0.0,0.0,0.0,0.0
35020,-2.136691490611695e-38,4.934694740706751e-28,1.0761972206014595e-40,1.0150139395648239e-08
72234439316400862,0.0,4.039091094248021e-28,0.0,0.0
0,0.0,0.0,0.0,0.0
0,2.3642707690088314e-41,-0.0018666465766727924,4.927668948269627e-28,1.1766422945242624e-40
3615933967246611159,9.99826454295757e-42,3.587324068671532e-43,4.039091094248021e-28,0.0
0,0.0,0.0,0.0,0.0
15616,0.0,0.0,0.0,0.0
0,0.0,0.0,5.352679874027936e-41,-2.3252605396706372e-10
1305026843681827840,1.0150139395648239e-08,2.3661157185669614e-38,1.0356996949824723e-41,0.0
1297037792194330624,0.0,0.0,0.0,0.0
0,0.0,0.0,0.0,4.823689703745318e-41
6267790515754510848,1.1766422945242624e-40,1.0150139395648239e-08,2.3513362236637276e-38,2.793488488631523e-41
1099813617920,0.0,0.0,0.0,0.0
0,0.0,0.0,2.1882676818896343e-41,0.0
0,0.0,0.0,0.0,0.0
51,-715408675962880.0,4.934694740706751e-28,1.0761972206014595e-40,1.0150139395648239e-08
72062919797395167,0.0,4.039091094248021e-28,0.0,0.0
0,0.0,0.0,0.0,0.0
0,3.58045770619634e-41,-2.0463440134175371e+24,4.927668948269627e-28,1.1766422945242624e-40
3615933967246571224,4.5871505229672887e-41,7.174648137343064e-43,4.039091094248021e-28,0.0
0,0.0,0.0,0.0,0.0
15616,0.0,0.0,0.0,0.0
0,0.0,0.0,5.604212948374241e-41,-1.6074384015072177e+35
1305026843681827840,1.0150139395648239e-08,2.354923547732399e-38,4.623023763654004e-41,3.587324068671532e-43
1297037792194330624,0.0,0.0,0.0,0.0
0,0.0,0.0,0.0,4.3831214665615953e-41
1057970171816978944,1.1766422945242624e-40,1.0150139395648239e-08,2.3585108718010706e-38,6.41668579798977e-41
1099813617920,0.0,0.0,0.0,0.0
0,0.0,0.0,2.1882676818896343e-41,0.0
0,0.0,0.0,0.0,0.0
51793,4.608231559539886e-29,4.934694740706751e-28,1.0761972206014595e-40,1.0150139395648239e-08
72172870960198623,0.0,4.039091094248021e-28,0.0,0.0
0,0.0,0.0,0.0,0.0
0,6.368341000970564e-41,6.3781638265854294e-27,4.927668948269627e-28,1.1766422945242624e-40
3615933967246596824,8.210347832325536e-41,3.587324068671532e-43,4.039091094248021e-28,0.0
0,0.0,0.0,0.0,0.0
15616,0.0,0.0,0.0,0.0
0,0.0,0.0,2.6456515006452546e-42,1.0981754172689762e-08
1305026843681827840,1.0150139395648239e-08,2.362098195869742e-38,8.246221073012251e-41,0.0
1297037792194330624,0.0,0.0,0.0,0.0
0,0.0,0.0,0.0,6.258479201367498e-41
10589275833193212416,1.1766422945242624e-40,1.0150139395648239e-08,2.3656855199384137e-38,8.206003807086129e-42
1099813617920,0.0,0.0,0.0,0.0
0,0.0,0.0,2.1882676818896343e-41,0.0
0,0.0,0.0,0.0,0.0
7683,5.543853139092057e-17,4.934694740706751e-28,1.0761972206014595e-40,1.0150139395648239e-08
72282822122936288,0.0,4.039091094248021e-28,0.0,0.0
0,0.0,0.0,0.0,0.0
0,3.2829620422201814e-41,9.358590363866761e+21,4.927668948269627e-28,1.1766422945242624e-40
3615933967246622424,2.6142624150443787e-41,3.587324068671532e-43,4.039091094248021e-28,0.0
0,0.0,0.0,0.0,0.0
15616,0.0,0.0,0.0,0.0
0,0.0,0.0,9.839917816488865e-42,2.2316282407302744e-18
1305026843681827840,1.0150139395648239e-08,2.369272844007085e-38,2.650135655731094e-41,0.0
1297037792194330624,0.0,0.0,0.0,0.0
0,0.0,0.0,0.0,8.131594858630481e-41
16579063337595972096,1.1766422945242624e-40,1.0150139395648239e-08,2.3544933491038514e-38,4.4079244493801446e-41
1099813617920,0.0,0.0,0.0,0.0
0,0.0,0.0,2.1882676818896343e-41,0.0
0,0.0,0.0,0.0,0.0
50263,-6.749002528145027e+22,4.934694740706751e-28,1.0761972206014595e-40,1.0150139395648239e-08
72111302603996128,0.0,4.039091094248021e-28,0.0,0.0
0,0.0,0.0,0.0,0.0
0,2.915401455027782e-41,-3.548921141718729e-17,4.927668948269627e-28,1.1766422945242624e-40
3615933967246582489,6.20158648371591e-41,3.587324068671532e-43,4.039091094248021e-28,0.0
0,0.0,0.0,0.0,0.0
15616,0.0,0.0,0.0,0.0
0,0.0,0.0,7.517125482024049e-41,7.291632645727328e-25
1305026843681827840,1.0150139395648239e-08,2.358080673172523e-38,6.237459724402626e-41,0.0
1297037792194330624,0.0,0.0,0.0,0.0
0,0.0,0.0,0.0,2.7936286184779553e-41
14102646492495620608,1.1766422945242624e-40,1.0150139395648239e-08,2.3616679972411944e-38,7.995248518051676e-41
1099813617920,0.0,0.0,0.0,0.0
0,0.0,0.0,2.1882676818896343e-41,0.0
0,0.0,0.0,0.0,0.0
5974,-6325.283203125,4.934694740706751e-28,1.0761972206014595e-40,1.0150139395648239e-08
72221253766799328,3.587324068671532e-43,4.039091094248021e-28,0.0,0.0
0,0.0,0.0,0.0,0.0
0,5.09315939843498e-41,8.743146575947165e-29,4.927668948269627e-28,1.1766422945242624e-40
3615933967246608089,6.055010664347535e-42,7.174648137343064e-43,4.039091094248021e-28,0.0
0,0.0,0.0,0.0,0.0
15616,0.0,0.0,0.0,0.0
0,0.0,0.0,8.373038584033647e-41,48933136.0
1305026843681827840,1.0150139395648239e-08,2.365255321309866e-38,6.772475478081841e-42,0.0
1297037792194330624,0.0,0.0,0.0,0.0
0,0.0,0.0,0.0,6.545605256707653e-41
5969427040441215488,1.1766422945242624e-40,1.0150139395648239e-08,2.3688426453785375e-38,2.4350363414572346e-41
1099813617920,0.0,0.0,0.0,0.0
0,0.0,0.0,2.1882676818896343e-41,0.0
0,0.0,0.0,0.0,0.0
49249,-1.0331717396384637e-33,4.934694740706751e-28,1.0761972206014595e-40,1.0150139395648239e-08
72331204929537249,0.0,4.039091094248021e-28,0.0,0.0
0,0.0,0.0,0.0,0.0
0,4.974609548353101e-43,-5.017343485125281e-11,4.927668948269627e-28,1.1766422945242624e-40
3615933967246568154,4.2286983757930005e-41,3.587324068671532e-43,4.039091094248021e-28,0.0
0,0.0,0.0,0.0,0.0
15616,0.0,0.0,0.0,0.0
0,0.0,0.0,2.5121077569950996e-41,-1.080713118994936e-08
1305026843681827840,1.0150139395648239e-08,2.3540631504753037e-38,4.264571616479716e-41,0.0
1297037792194330624,0.0,0.0,0.0,0.0
0,0.0,0.0,0.0,2.547980997681815e-41
4014864802162420224,1.1766422945242624e-40,1.0150139395648239e-08,2.357650474543975e-38,6.022360410128766e-41
1099813617920,0.0,0.0,0.0,0.0
0,0.0,0.0,2.1882676818896343e-41,0.0
0,0.0,0.0,0.0,0.0
21761,1.100982408785952e-32,4.934694740706751e-28,1.0761972206014595e-40,1.0150139395648239e-08
72159685410597089,0.0,4.039091094248021e-28,0.0,0.0
0,0.0,0.0,0.0,0.0
0,5.146548869925756e-41,-21.08313751220703,4.927668948269627e-28,1.1766422945242624e-40
3615933967246593754,7.816022444464532e-41,3.587324068671532e-43,4.039091094248021e-28,0.0
0,0.0,0.0,0.0,0.0
15616,0.0,0.0,0.0,0.0
0,0.0,0.0,2.2160133914832657e-41,-5.676727143910654e-11
1305026843681827840,1.0150139395648239e-08,2.3612377986126467e-38,7.851895685151247e-41,0.0
1297037792194330624,0.0,0.0,0.0,0.0
0,0.0,0.0,0.0,6.231854530545326e-41
13226133415018637824,1.1766422945242624e-40,1.0150139395648239e-08,2.364825122681318e-38,4.2627499284760935e-42
1099813617920,0.0,0.0,0.0,0.0
0,0.0,0.0,2.1882676818896343e-41,0.0
0,0.0,0.0,0.0,0.0
32370,17500452421632.0,4.934694740706751e-28,1.0761972206014595e-40,1.0150139395648239e-08
72269636573334754,0.0,4.039091094248021e-28,0.0,0.0
0,0.0,0.0,0.0,0.0
0,5.197836393720044e-41,0.12904463708400726,835833920.0,2.446719042648038e-12
3182972002921884716,2.446718608967169e-12,1.0970290531986393e-05,4.321758635004983e-17,204653248.0
6209386554468346924,2.4467264152228108e-12,3.043465436267101e-12,8.406737833865918e-06,584.4400634765625
1408752561760,-528399.125,-9007264752992256.0,-5.90295951096194e+20,1.653040332142306e-39
0,0.0,0.0,0.0,0.0
0,8.547920632381384e-44,0.0,0.0,0.0
0,0.0,0.0,0.0,2.550363205071167e-43
1795488925793524835,4.203895392974451e-43,4.608411023268025e-39,-528399.125,-9007265826734080.0
16285016256867860481,0.0,0.0,0.0,0.0
0,0.0,0.0,0.0,0.0
90124298666,584.4400634765625,4.5962589629854e-43,4.608411023268025e-39,-528386.25
15780613574839238658,1.653040332142306e-39,0.0,0.0,0.0
0,0.0,0.0,0.0,8.547920632381384e-44
0,0.0,0.0,0.0,0.0
0,1.8357009882655104e-43,4.299794942469684e-19,584.4435424804688,4.203895392974451e-43
14124742059556900,-3.602927805530112e+16,-5.902958807274498e+20,1.653040332142306e-39,0.0
0,0.0,0.0,0.0,0.0
0,0.0,1.2611686178923354e-43,-2.16694679977536e-08,584.4400634765625
1408752561760,-528389.375,-3.602947991876403e+16,-5.902958807274498e+20,1.653040332142306e-39
0,0.0,0.0,0.0,0.0
0,8.547920632381384e-44,0.0,0.0,0.0
0,0.0,0.0,0.0,3.2229864679470793e-43
5247394686079999075,4.203895392974451e-43,4.608411023268025e-39,-528389.375,-3.602948421373133e+16
16285016252572893185,0.0,0.0,0.0,0.0
0,0.0,0.0,0.0,0.0
650754072746,584.4400634765625,4.5962589629854e-43,4.608411023268025e-39,-528392.5
15780613995746033665,1.653040332142306e-39,0.0,0.0,0.0
0,0.0,0.0,0.0,8.547920632381384e-44
0,0.0,0.0,0.0,0.0
0,1.723597111119525e-43,-1.5606836498918266e-29,584.4435424804688,4.203895392974451e-43
14124742059557000,-3.602969896209613e+16,-5.902958103587057e+20,1.653040332142306e-39,0.0
0,0.0,0.0,0.0,0.0
0,0.0,1.1350517561031018e-43,-3.3566298593902124e-21,584.4400634765625
1408752561760,-528395.625,-3.602880990386586e+16,-2.3611835229097993e+21,1.653040332142306e-39
0,0.0,0.0,0.0,0.0
0,8.547920632381384e-44,0.0,0.0,0.0
0,0.0,0.0,0.0,1.2751816025355835e-43
974761769775012963,4.203895392974451e-43,4.608411023268025e-39,-528395.625,-3.602881419883315e+16
16357073846610821121,0.0,0.0,0.0,0.0
0,0.0,0.0,0.0,0.0
516770024874,584.4400634765625,4.5962589629854e-43,4.608411023268025e-39,-528398.75
15780613325747912705,1.653040332142306e-39,0.0,0.0,0.0
0,0.0,0.0,0.0,8.547920632381384e-44
0,0.0,0.0,0.0,0.0
0,3.0968696061578457e-43,8.214967129641689e+34,584.4435424804688,4.203895392974451e-43
14124742059557100,-3.602902894719795e+16,-2.3611835229097993e+21,1.653040332142306e-39,0.0
0,0.0,0.0,0.0,0.0
0,0.0,8.407790785948902e-45,-6.497675620172498e-23,584.4400634765625
1408752561760,-528385.875,-1.4411695760238182e+17,-2.361183804384776e+21,1.653040332142306e-39
0,0.0,0.0,0.0,0.0
0,8.547920632381384e-44,0.0,0.0,0.0
0,0.0,0.0,0.0,2.6484540975739043e-43
15206504928661085283,4.203895392974451e-43,4.608411023268025e-39,-528385.875,-1.44116974782251e+17
16357073850905788417,0.0,0.0,0.0,0.0
0,0.0,0.0,0.0,0.0
565317928106,584.4400634765625,4.5962589629854e-43,4.608411023268025e-39,-528389.0
15852671353577537537,1.653040332142306e-39,0.0,0.0,0.0
0,0.0,0.0,0.0,8.547920632381384e-44
0,0.0,0.0,0.0,0.0
0,3.3491033297363128e-43,1.697427268188001e-11,584.4435424804688,4.203895392974451e-43
14124742059556944,-1.441178509555794e+17,-2.3611832414348226e+21,1.653040332142306e-39,0.0
0,0.0,0.0,0.0,0.0
0,0.0,2.7465449900766415e-43,-5.451817168155025e-33,584.4400634765625
1408752561760,-528392.125,-1.441186927691694e+17,-2.3611835229097993e+21,1.653040332142306e-39
0,0.0,0.0,0.0,0.0
0,8.547920632381384e-44,0.0,0.0,0.0
0,0.0,0.0,0.0,1.8216880036222622e-44
2602096153488137315,4.203895392974451e-43,4.608411023268025e-39,-528392.125,-1.441187099490386e+17
16357073846610821121,0.0,0.0,0.0,0.0
0,0.0,0.0,0.0,0.0
794822932906,584.4400634765625,4.5962589629854e-43,4.608411023268025e-39,-528395.25
15852671783074267137,1.653040332142306e-39,0.0,0.0,0.0
0,0.0,0.0,0.0,8.547920632381384e-44
0,0.0,0.0,0.0,0.0
0,3.3491033297363128e-43,1.6262186546569784e+38,584.4435424804688,4.203895392974451e-43
14124742059557044,-1.441195689424978e+17,-2.3611832414348226e+21,1.653040332142306e-39,0.0
0,0.0,0.0,0.0,0.0
0,0.0,2.6484540975739043e-43,-9.98981342092975e-09,584.4400634765625
1408752561760,-528398.375,-1.441160127095767e+17,-9.444734091639197e+21,1.653040332142306e-39
0,0.0,0.0,0.0,0.0
0,8.547920632381384e-44,0.0,0.0,0.0
0,0.0,0.0,0.0,2.536350220427919e-43
11578045088744479843,4.203895392974451e-43,4.608411023268025e-39,-528398.375,-1.441160298894459e+17
16429131440648749057,0.0,0.0,0.0,0.0
0,0.0,0.0,0.0,0.0
983356195754,584.4400634765625,4.5962589629854e-43,4.608411023268025e-39,-528385.5
15924728707114074113,1.653040332142306e-39,0.0,0.0,0.0
0,0.0,0.0,0.0,8.547920632381384e-44
0,0.0,0.0,0.0,0.0
0,2.802596928649634e-44,-4.528784465496205e-12,584.4435424804688,4.203895392974451e-43
14124742059556888,-5.764675555316204e+17,-9.44473296573929e+21,1.653040332142306e-39,0.0
0,0.0,0.0,0.0,0.0
0,0.0,1.7095841264762768e-43,-6.471072853773857e-29,584.4400634765625
1408752561760,-528388.625,-5.764709227859804e+17,-9.444734091639197e+21,1.653040332142306e-39
0,0.0,0.0,0.0,0.0
0,8.547920632381384e-44,0.0,0.0,0.0
0,0.0,0.0,0.0,4.90454462513686e-44
8753978060104146019,4.203895392974451e-43,4.608411023268025e-39,-528388.625,-5.764709915054572e+17
16429131444943716353,0.0,0.0,0.0,0.0
0,0.0,0.0,0.0,0.0
620195476394,584.4400634765625,4.5962589629854e-43,4.608411023268025e-39,-528391.75
15924729136610803713,1.653040332142306e-39,0.0,0.0,0.0
0,0.0,0.0,0.0,8.547920632381384e-44
0,0.0,0.0,0.0,0.0
0,2.3401684354224445e-43,4.8632573523832434e-09,584.4435424804688,4.203895392974451e-43
14124742059556988,-5.76474427479294e+17,-9.444734091639197e+21,1.653040332142306e-39,0.0
0,0.0,0.0,0.0,0.0
0,0.0,3.279038406520072e-43,6.03464834759887e-23,584.4400634765625
1408752561760,-528394.875,-5.76477794733654e+17,-9.444735217539104e+21,1.653040332142306e-39
0,0.0,0.0,0.0,0.0
0,8.547920632381384e-44,0.0,0.0,0.0
0,0.0,0.0,0.0,1.9057659114817512e-43
4582176957135985763,4.203895392974451e-43,4.608411023268025e-39,-528394.875,-5.764779321726075e+17
16429131440648749057,0.0,0.0,0.0,0.0
0,0.0,0.0,0.0,0.0
860489737898,584.4400634765625,4.5962589629854e-43,4.608411023268025e-39,-528398.0
15924728470907650049,1.653040332142306e-39,0.0,0.0,0.0
0,0.0,0.0,0.0,8.547920632381384e-44
0,0.0,0.0,0.0,0.0
0,1.7796490496925177e-43,7.989412964212218e-15,584.4435424804688,4.203895392974451e-43
14124742059557088,-5.764637759603999e+17,-3.777893186295716e+22,1.653040332142306e-39,0.0
0,0.0,0.0,0.0,0.0
0,0.0,2.045895757914233e-43,-1.0072305970933667e+23,584.4400634765625
1408752561760,-528385.125,-2.30586857285904e+18,-3.777893636655679e+22,1.653040332142306e-39
0,0.0,0.0,0.0,0.0
0,8.547920632381384e-44,0.0,0.0,0.0
0,0.0,0.0,0.0,2.045895757914233e-43
7691164831928425571,4.203895392974451e-43,4.608411023268025e-39,-528385.125,-2.3058688477369467e+18
16501189034686676993,0.0,0.0,0.0,0.0
0,0.0,0.0,0.0,0.0
972971108266,584.4400634765625,4.5962589629854e-43,4.608411023268025e-39,-528388.25
15996786494442307585,1.653040332142306e-39,0.0,0.0,0.0
0,0.0,0.0,0.0,8.547920632381384e-44
0,0.0,0.0,0.0,0.0
0,2.4382593279251817e-43,6022572802048.0,584.4435424804688,4.203895392974451e-43
14124742059556932,-2.305882591632294e+18,-3.777893186295716e+22,1.653040332142306e-39,0.0
0,0.0,0.0,0.0,0.0
0,0.0,3.0968696061578457e-43,14283352064.0,584.4400634765625
1408752561760,-528391.375,-2.305896060649734e+18,-3.777893636655679e+22,1.653040332142306e-39
0,0.0,0.0,0.0,0.0
0,8.547920632381384e-44,0.0,0.0,0.0
0,0.0,0.0,0.0,2.6064151436441598e-43
13736266567301340259,4.203895392974451e-43,4.608411023268025e-39,-528391.375,-2.305896335527641e+18
16501189034686676993,0.0,0.0,0.0,0.0
0,0.0,0.0,0.0,0.0
1079699225514,584.4400634765625,4.5962589629854e-43,4.608411023268025e-39,-528394.5
15996786923939037185,1.653040332142306e-39,0.0,0.0,0.0
0,0.0,0.0,0.0,8.547920632381384e-44
0,0.0,0.0,0.0,0.0
0,2.4102333586386854e-43,64196264.0,584.4435424804688,4.203895392974451e-43
14124742059557032,-2.3059100794229883e+18,-3.777893186295716e+22,1.653040332142306e-39,0.0
0,0.0,0.0,0.0,0.0
0,0.0,3.923635700109488e-44,-2.3047542109526706e+32,52807.27734375
4696177079671860272,2.446719042648038e-12,2.446719042648038e-12,1.6273111601728535e-13,7.909723693162611e-33
5930470141318278188,2.446719042648038e-12,2.446719042648038e-12,722832000.0,4.261986674691798e-08
12268951197037101057,131272.71875,1.158708630128018e+20,-3.1243722414882816e+16,3.9898639947466563e-16
144134979301933056,0.0,0.0,0.0,0.0
0,0.0,0.0,0.03125,0.0
0,0.0,0.0,0.0,0.0
1726189800,-1.7414579977712008e-13,2.3611835229097993e+21,1.8217749357674062e-12,1.158708630128018e+20
15771042945750663168,2.352280138309297e-38,2.350988701644575e-38,0.0,0.0
0,0.0,0.0,0.0,0.0
0,0.6829150319099426,-1.7414579977712008e-13,1.1368685127414319e-13,131272.71875
6974106597687492608,505775348776960.0,9.409120553237187e-38,2.350988701644575e-38,0.0
0,0.0,0.0,0.0,0.0
1023410176,0.0,0.0,0.0,0.0
0,0.0,0.0,2.1152842540634756e+30,-1.7414579977712008e-13
7133701814788043310,1.158708630128018e+20,3.4358590207868288e-31,2023101395107840.0,2.352280138309297e-38
72057594037927936,0.0,0.0,0.0,0.0
0,0.0,0.0,0.0,-567106624.0
12268951197037101057,131272.71875,1.158708630128018e+20,0.435546875,-3.4606553688208144e-34
72077385264005120,0.0,0.0,0.0,0.0
0,0.0,0.0,0.03125,0.0
0,0.0,0.0,0.0,0.0
700813218,-1.7414579977712008e-13,2.3611835229097993e+21,1.8217749357674062e-12,1.158708630128018e+20
4530339752454782976,6.457183323608757e-42,2.350988701644575e-38,0.0,0.0
0,0.0,0.0,0.0,0.0
0,-112112.953125,-1.7414579977712008e-13,1.1368685127414319e-13,131272.71875
6974106599365214208,-0.000438690185546875,2.352280138309297e-38,2.350988701644575e-38,0.0
0,0.0,0.0,0.0,0.0
1023410176,0.0,0.0,0.0,0.0
0,0.0,0.0,-4.365425729935449e-32,-1.7414579977712008e-13
7133701814788043310,1.158708630128018e+20,5.521212575212796e+29,-0.0017547607421875,6.457183323608757e-42
72057594037927936,0.0,0.0,0.0,0.0
0,0.0,0.0,0.0,-1.0479968670374448e+27
12268951197037101057,131272.71875,1.158708630128018e+20,-6.044427111606687e-18,-5.561058770227294e+26
72077385264005120,0.0,0.0,0.0,0.0
0,0.0,0.0,0.03125,0.0
0,0.0,0.0,0.0,0.0
1024179656,-1.7414579977712008e-13,2.3611835229097993e+21,1.8217749357674062e-12,1.158708630128018e+20
11736099157925298176,6.457183323608757e-42,2.350988701644575e-38,0.0,0.0
0,0.0,0.0,0.0,0.0
0,-3.5100270644276673e-28,-1.7414579977712008e-13,1.1368685127414319e-13,131272.71875
6974106601042935808,6.1145190879919806e-21,2.352280138309297e-38,2.350988701644575e-38,0.0
0,0.0,0.0,0.0,0.0
1023410176,0.0,0.0,0.0,0.0
0,0.0,0.0,1.786921125246777e-33,-1.7414579977712008e-13
7133701814788043310,1.158708630128018e+20,-7662221656064.0,2.4458076351967922e-20,6.457183323608757e-42
72057594037927936,0.0,0.0,0.0,0.0
0,0.0,0.0,0.0,nan
12268951197037101057,131272.71875,1.158708630128018e+20,8.425943506694157e-35,7751073792.0
144134979301933056,0.0,0.0,0.0,0.0
0,0.0,0.0,0.03125,0.0
0,0.0,0.0,0.0,0.0
2532398307,-1.7414579977712008e-13,2.3611835229097993e+21,1.8217749357674062e-12,1.158708630128018e+20
495395960368070656,2.352280138309297e-38,2.350988701644575e-38,0.0,0.0
0,0.0,0.0,0.0,0.0
0,16119657136128.0,-1.7414579977712008e-13,1.1368685127414319e-13,131272.71875
6974106598425755648,-8.485599844998388e-38,9.409120553237187e-38,2.350988701644575e-38,0.0
0,0.0,0.0,0.0,0.0
1023410176,0.0,0.0,0.0,0.0
0,0.0,0.0,-89619256.0,-1.7414579977712008e-13
7133701814788043310,1.158708630128018e+20,0.0001068115234375,-3.394239937999355e-37,2.352280138309297e-38
72057594037927936,0.0,0.0,0.0,0.0
0,0.0,0.0,0.0,8.059884775527912e+37
12268951197037101057,131272.71875,1.158708630128018e+20,1.3539969179683847e+26,-4.302710294723511e-07
72077385264005120,0.0,0.0,0.0,0.0
0,0.0,0.0,0.03125,0.0
0,0.0,0.0,0.0,0.0
187085969,-1.7414579977712008e-13,2.3611835229097993e+21,1.8217749357674062e-12,1.158708630128018e+20
7701155365855363072,6.457183323608757e-42,2.350988701644575e-38,0.0,0.0
0,0.0,0.0,0.0,0.0
0,1.0935647982284206e-16,-1.7414579977712008e-13,1.1368685127414319e-13,131272.71875
6974106600103477248,-5.45433328771444e+23,2.352280138309297e-38,2.350988701644575e-38,0.0
0,0.0,0.0,0.0,0.0
1023410176,0.0,0.0,0.0,0.0
0,0.0,0.0,-1.5007853521173006e+29,-1.7414579977712008e-13
7133701814788043310,1.158708630128018e+20,-1.4823076576950256e-21,-2.181733315085776e+24,6.457183323608757e-42
72057594037927936,0.0,0.0,0.0,0.0
0,0.0,0.0,0.0,1.1469958598785792e-27
12268951197037101057,131272.71875,1.158708630128018e+20,-1879048192.0,5.997059441009451e-24
72077385264005120,0.0,0.0,0.0,0.0
0,0.0,0.0,0.03125,0.0
0,0.0,0.0,0.0,0.0
3440734155,-1.7414579977712008e-13,2.3611835229097993e+21,1.8217749357674062e-12,1.158708630128018e+20
14906914767030976512,6.457183323608757e-42,2.350988701644575e-38,0.0,0.0
0,0.0,0.0,0.0,0.0
0,3.2142186454737695e-14,-1.7414579977712008e-13,1.1368685127414319e-13,131272.71875
6974106597486297088,7602176.0,2.352280138309297e-38,2.350988701644575e-38,0.0
0,0.0,0.0,0.0,0.0
1023410176,0.0,0.0,0.0,0.0
0,0.0,0.0,6.040635290735467e+31,-1.7414579977712008e-13
7133701814788043310,1.158708630128018e+20,2.0662986635548023e-38,30408704.0,6.457183323608757e-42
72057594037927936,0.0,0.0,0.0,0.0
0,0.0,0.0,0.0,-1.3696024053485889e+22
12268951197037101057,131272.71875,1.158708630128018e+20,2.6193447411060333e-08,9.63690296944064e+36
72077385264005120,0.0,0.0,0.0,0.0
0,0.0,0.0,0.03125,0.0
0,0.0,0.0,0.0,0.0
3212939825,-1.7414579977712008e-13,2.3611835229097993e+21,1.8217749357674062e-12,1.158708630128018e+20
3666211573768650752,2.352280138309297e-38,2.350988701644575e-38,0.0,0.0
0,0.0,0.0,0.0,0.0
0,8.44940040897042e-26,-1.7414579977712008e-13,1.1368685127414319e-13,131272.71875
6974106599164018688,-1.0550138540565968e-10,2.352280138309297e-38,2.350988701644575e-38,0.0
0,0.0,0.0,0.0,0.0
1023410176,0.0,0.0,0.0,0.0
0,0.0,0.0,-1.1255809515125038e-36,-1.7414579977712008e-13
7133701814788043310,1.158708630128018e+20,3.3204139332677193e+22,-4.220055416226387e-10,2.352280138309297e-38
72057594037927936,0.0,0.0,0.0,0.0
0,0.0,0.0,0.0,3.4773305518779157e-19
12268951197037101057,131272.71875,1.158708630128018e+20,-3.6350710512584224e-25,-1.3373889453439425e+20
144134979301933056,0.0,0.0,0.0,0.0
0,0.0,0.0,0.03125,0.0
0,0.0,0.0,0.0,0.0
4095484179,-1.7414579977712008e-13,2.3611835229097993e+21,1.8217749357674062e-12,1.158708630128018e+20
10871970979239165952,2.352280138309297e-38,2.350988701644575e-38,0.0,0.0
0,0.0,0.0,0.0,0.0
0,2.2224857807159424,-1.7414579977712008e-13,1.1368685127414319e-13,131272.71875
6974106600841740288,5.881746909327864e-27,2.352280138309297e-38,2.350988701644575e-38,0.0
0,0.0,0.0,0.0,0.0
1023410176,0.0,0.0,0.0,0.0
0,0.0,0.0,1.2502266986775863e-25,-1.7414579977712008e-13
7133701814788043310,1.158708630128018e+20,-460800.0,2.3526987637311456e-26,6.457183323608757e-42
72057594037927936,0.0,0.0,0.0,0.0
0,0.0,0.0,0.0,-7292049.5
12268951197037101057,131272.71875,1.158708630128018e+20,-5.841333965851681e+35,7456.0
72077385264005120,0.0,0.0,0.0,0.0
0,0.0,0.0,0.03125,0.0
0,0.0,0.0,0.0,0.0
3149398014,-1.7414579977712008e-13,2.3611835229097993e+21,1.8217749357674062e-12,1.158708630128018e+20
18077730380431556608,6.457183323608757e-42,2.350988701644575e-38,0.0,0.0
0,0.0,0.0,0.0,0.0
0,-2.2998039879258192e+27,-1.7414579977712008e-13,1.1368685127414319e-13,131272.71875
6974106598224560128,9.451602875301678e+33,2.352280138309297e-38,2.350988701644575e-38,0.0
0,0.0,0.0,0.0,0.0
1023410176,0.0,0.0,0.0,0.0
0,0.0,0.0,9.094912191389152e-27,-1.7414579977712008e-13
7133701814788043310,1.158708630128018e+20,6.423306331271306e-12,3.7806411501206714e+34,6.457183323608757e-42
72057594037927936,0.0,0.0,0.0,0.0
0,0.0,0.0,0.0,3.3359587739143334e+25
12268951197037101057,131272.71875,1.158708630128018e+20,8.142508126285857e+18,-1.0347278589506459e-13
72077385264005120,0.0,0.0,0.0,0.0
0,0.0,0.0,0.03125,0.0
0,0.0,0.0,0.0,0.0
2249671120,-1.7414579977712008e-13,2.3611835229097993e+21,1.8217749357674062e-12,1.158708630128018e+20
6837027187169230848,6.457183323608757e-42,2.350988701644575e-38,0.0,0.0
0,0.0,0.0,0.0,0.0
0,2.3025545370607834e+21,-1.7414579977712008e-13,1.1368685127414319e-13,131272.71875
6974106599902281728,-1.311673391471657e+17,2.352280138309297e-38,2.350988701644575e-38,0.0
0,0.0,0.0,0.0,0.0
1023410176,0.0,0.0,0.0,0.0
0,0.0,0.0,-8.517199733983734e+21,-1.7414579977712008e-13
7133701814788043310,1.158708630128018e+20,-8.914128228997433e-29,-5.246693565886628e+17,6.457183323608757e-42
72057594037927936,0.0,0.0,0.0,0.0
0,0.0,0.0,0.0,-4.908526890038539e+19
2614144176756960300,2.446719042648038e-12,6.263600749178977e-10,2.446719042648038e-12,2.4189105579663917e-12
939603360935464259,2.4490505109997507e-12,2.446719042648038e-12,2.446719042648038e-12,2.929897210263155e-12
3040834702558250002,5.624828165360588e-22,3.6734338593042917e-38,5.111023063109066e-11,1.7897159778602272e-38
3916460418269202,9.183549615799121e-41,0.0,0.0,0.0
0,0.0,0.0,0.0,5.601965265637464e-39
0,0.0,0.0,0.0,0.0
0,5.9175713109665565e-40,1.5704257377373918e+21,7.510799961981491e-22,3.159155080819541e-38
3341891929653830144,1.3696403294187908e-39,9.186071953034906e-41,9.183549615799121e-41,0.0
0,0.0,0.0,0.0,0.0
0,0.0,1.4834271660204303e-38,1.2098119814979436e-12,5.624828165360588e-22
92324007887554817,2.2488934586501832e-38,5.86957964116036e-39,1.8369621568834027e-40,9.183549615799121e-41
0,0.0,0.0,0.0,0.0
0,5.601965265637464e-39,0.0,0.0,0.0
0,0.0,0.0,0.0,2.095409237852686e-38
5596360331537612800,3.159155080819541e-38,5.111023063109066e-11,2.2488934586501832e-38,5.961415137318351e-39
281552286187520,0.0,0.0,0.0,0.0
0,0.0,0.0,0.0,0.0
58896721688282130,5.624828165360588e-22,3.6734338593042917e-38,5.111023063109066e-11,3.57118111036251e-39
31501008135847954,9.183549615799121e-41,0.0,0.0,0.0
0,0.0,0.0,0.0,5.601965265637464e-39
0,0.0,0.0,0.0,0.0
0,1.22557073235386e-38,-4.0029320637178445e-36,7.510799961981491e-22,3.159155080819541e-38
3341891929643606784,1.036951895290193e-38,2.5223372357846707e-44,9.183549615799121e-41,0.0
0,0.0,0.0,0.0,0.0
0,0.0,1.0392106482848381e-38,-2.4537902152146747e+19,5.624828165360588e-22
92324007887554817,8.16295591826207e-39,1.48694582646435e-38,9.186071953034906e-41,9.183549615799121e-41
0,0.0,0.0,0.0,0.0
0,5.601965265637464e-39,0.0,0.0,0.0
0,0.0,0.0,0.0,1.7666294455306294e-38
17053517783568154624,3.159155080819541e-38,5.111023063109066e-11,8.16295591826207e-39,1.496129376080149e-38
77309476864,0.0,0.0,0.0,0.0
0,0.0,0.0,0.0,0.0
44715414154527762,5.624828165360588e-22,3.6734338593042917e-38,5.111023063109066e-11,1.275473072616163e-38
59648505806913554,9.183549615799121e-41,0.0,0.0,0.0
0,0.0,0.0,0.0,5.601965265637464e-39
0,0.0,0.0,0.0,0.0
0,7.734796178979944e-39,9.815160860858699e+19,7.510799961981491e-22,3.159155080819541e-38
3341891929650160384,1.955306856870105e-38,2.5223372357846707e-44,9.183549615799121e-41,0.0
0,0.0,0.0,0.0,0.0
0,0.0,1.85412105657906e-38,-4.215579490236732e+29,5.624828165360588e-22
92324007887554817,1.7346505534061192e-38,5.4347959640373705e-40,9.186071953034906e-41,9.183549615799121e-41
0,0.0,0.0,0.0,0.0
0,5.601965265637464e-39,0.0,0.0,0.0
0,0.0,0.0,0.0,8.574622374619094e-39
16909402595492298752,3.159155080819541e-38,5.111023063109066e-11,1.7346505534061192e-38,6.353150925617283e-40
77309476864,0.0,0.0,0.0,0.0
0,0.0,0.0,0.0,0.0
56735717667783698,5.624828165360588e-22,3.6734338593042917e-38,5.111023063109066e-11,2.1938280341960752e-38
15739508951744530,9.183549615799121e-41,0.0,0.0,0.0
0,0.0,0.0,0.0,5.601965265637464e-39
0,0.0,0.0,0.0,0.0
0,2.2141729260802215e-38,348704.5625,7.510799961981491e-22,3.159155080819541e-38
3341891929656713984,5.227089900461289e-39,9.186071953034906e-41,9.183549615799121e-41,0.0
0,0.0,0.0,0.0,0.0
0,0.0,1.0658028089826373e-38,-2.6233615572781266e-31,5.624828165360588e-22
92324007887554817,3.02052686582143e-39,9.727029212202858e-39,1.8369621568834027e-40,9.183549615799121e-41
0,0.0,0.0,0.0,0.0
0,5.601965265637464e-39,0.0,0.0,0.0
0,0.0,0.0,0.0,1.62015942419631e-38
15756481090885451776,3.159155080819541e-38,5.111023063109066e-11,3.02052686582143e-39,9.81886470836085e-39
281552286187520,0.0,0.0,0.0,0.0
0,0.0,0.0,0.0,0.0
61235558678676498,5.624828165360588e-22,3.6734338593042917e-38,5.111023063109066e-11,7.61230167372099e-39
44168481599455250,9.183549615799121e-41,0.0,0.0,0.0
0,0.0,0.0,0.0,5.601965265637464e-39
0,0.0,0.0,0.0,0.0
0,1.3682011958959292e-38,2.816813023523296e-22,7.510799961981491e-22,3.159155080819541e-38
3341891929646490624,1.45024750124184e-38,2.5223372357846707e-44,9.183549615799121e-41,0.0
0,0.0,0.0,0.0,0.0
0,0.0,8.535596212387647e-39,2.816813023523296e-22,5.624828165360588e-22
92324007887554817,1.220407648162055e-38,1.900241432415997e-38,9.186071953034906e-41,9.183549615799121e-41
0,0.0,0.0,0.0,0.0
0,5.601965265637464e-39,0.0,0.0,0.0
0,0.0,0.0,0.0,8.732816359555186e-39
1633192659451576320,3.159155080819541e-38,5.111023063109066e-11,1.220407648162055e-38,1.9094249820317962e-38
77309476864,0.0,0.0,0.0,0.0
0,0.0,0.0,0.0,0.0
2478377016116242,5.624828165360588e-22,3.6734338593042917e-38,5.111023063109066e-11,1.6795851289520111e-38
259484744220690,9.183549615799121e-41,0.0,0.0,0.0
0,0.0,0.0,0.0,5.601965265637464e-39
0,0.0,0.0,0.0,0.0
0,4.915843294654711e-39,-3.171449520777969e-07,7.510799961981491e-22,3.159155080819541e-38
3341891929653044224,1.7649634417863936e-40,2.5223372357846707e-44,9.183549615799121e-41,0.0
0,0.0,0.0,0.0,0.0
0,0.0,2.2689960660298478e-38,357073472.0,5.624828165360588e-22
92324007887554817,2.1387626097419672e-38,4.676435655920209e-39,9.186071953034906e-41,9.183549615799121e-41
0,0.0,0.0,0.0,0.0
0,5.601965265637464e-39,0.0,0.0,0.0
0,0.0,0.0,0.0,8.506157734249112e-39
5884590707689324544,3.159155080819541e-38,5.111023063109066e-11,2.1387626097419672e-38,4.7682711520782e-39
77309476864,0.0,0.0,0.0,0.0
0,0.0,0.0,0.0,0.0
66897591533192210,5.624828165360588e-22,3.6734338593042917e-38,5.111023063109066e-11,2.4698726212803496e-39
28406982415286290,9.183549615799121e-41,0.0,0.0,0.0
0,0.0,0.0,0.0,5.601965265637464e-39
0,0.0,0.0,0.0,0.0
0,1.023783052841854e-38,2.501832539823653e-37,7.510799961981491e-22,3.159155080819541e-38
3341891929642820864,9.36004595997776e-39,9.186071953034906e-41,9.183549615799121e-41,0.0
0,0.0,0.0,0.0,0.0
0,0.0,5.69530575634614e-39,3.834047211272929e+17,5.624828165360588e-22
92324007887554817,7.06164742917991e-39,1.385998527171933e-38,9.186071953034906e-41,9.183549615799121e-41
0,0.0,0.0,0.0,0.0
0,5.601965265637464e-39,0.0,0.0,0.0
0,0.0,0.0,0.0,1.0404285167801828e-38
17774093723947433984,3.159155080819541e-38,5.111023063109066e-11,7.06164742917991e-39,1.395182076787732e-38
281552286187520,0.0,0.0,0.0,0.0
0,0.0,0.0,0.0,0.0
9473076901856274,5.624828165360588e-22,3.6734338593042917e-38,5.111023063109066e-11,1.1653422237079471e-38
56554480086417426,9.183549615799121e-41,0.0,0.0,0.0
0,0.0,0.0,0.0,5.601965265637464e-39
0,0.0,0.0,0.0,0.0
0,1.1015363402124594e-38,-2.512681180379827e+22,7.510799961981491e-22,3.159155080819541e-38
3341891929649374464,1.8543595575776882e-38,9.186071953034906e-41,9.183549615799121e-41,0.0
0,0.0,0.0,0.0,0.0
0,0.0,1.401000688401148e-38,1.1316110027659447e+38,5.624828165360588e-22
92324007887554817,1.6245197044979031e-38,2.3135370383676442e-38,9.186071953034906e-41,9.183549615799121e-41
0,0.0,0.0,0.0,0.0
0,5.601965265637464e-39,0.0,0.0,0.0
0,0.0,0.0,0.0,5.907048960797941e-39
17846151317985361920,3.159155080819541e-38,5.111023063109066e-11,1.6245197044979031e-38,2.3227205879834433e-38
77309476864,0.0,0.0,0.0,0.0
0,0.0,0.0,0.0,0.0
37660285723100178,5.624828165360588e-22,3.6734338593042917e-38,5.111023063109066e-11,2.0836971852878592e-38
12926958207827986,9.183549615799121e-41,0.0,0.0,0.0
0,0.0,0.0,0.0,5.601965265637464e-39
0,0.0,0.0,0.0,0.0
0,4.586281717919407e-40,-0.00032475643092766404,7.510799961981491e-22,3.159155080819541e-38
3341891929655928064,4.309452403695111e-39,2.5223372357846707e-44,9.183549615799121e-41,0.0
0,0.0,0.0,0.0,0.0
0,0.0,1.1701782448381784e-38,-7.928623801944923e-08,5.624828165360588e-22
92324007887554817,1.9192183767392695e-39,8.80939171543668e-39,9.186071953034906e-41,9.183549615799121e-41
0,0.0,0.0,0.0,0.0
0,5.601965265637464e-39,0.0,0.0,0.0
0,0.0,0.0,0.0,1.766440130108099e-38
1705250253489504256,3.159155080819541e-38,5.111023063109066e-11,1.9192183767392695e-39,8.901227211594672e-39
77309476864,0.0,0.0,0.0,0.0
0,0.0,0.0,0.0,0.0
32425566311957522,5.624828165360588e-22,3.6734338593042917e-38,5.111023063109066e-11,6.51099318463883e-39
41074455878893586,9.183549615799121e-41,0.0,0.0,0.0
0,0.0,0.0,0.0,5.601965265637464e-39
0,0.0,0.0,0.0,0.0
0,9.989234575653461e-39,-1.0291942114835771e+26,7.510799961981491e-22,3.159155080819541e-38
3341891929645704704,1.3493002019494232e-38,2.5223372357846707e-44,9.183549615799121e-41,0.0
0,0.0,0.0,0.0,0.0
0,0.0,4.487811073532838e-39,-1362.127197265625,5.624828165360588e-22
92324007887554817,1.110276799253839e-38,1.7992941331235802e-38,9.186071953034906e-41,9.183549615799121e-41
0,0.0,0.0,0.0,0.0
0,5.601965265637464e-39,0.0,0.0,0.0
0,0.0,0.0,0.0,7.668881901815033e-39
3362574916361846784,3.159155080819541e-38,5.111023063109066e-11,1.110276799253839e-38,1.8084776827393793e-38
77309476864,0.0,0.0,0.0,0.0
0,0.0,0.0,0.0,0.0
38222105000822606,51009.171875,2.446719042648038e-12,2.503562461508846e-12,2.446719042648038e-12
3182965453296044580,52818.30078125,172.17318725585938,2.446719042648038e-12,2.446719042648038e-12
3183004988975231799,4.2729482963124735e-31,4.927668948269627e-28,1.1766422945242624e-40,1.0150139395648239e-08
72245498857190893,7.174648137343064e-43,4.039091094248021e-28,0.0,0.0
0,0.0,0.0,0.0,0.0
67070209294336,0.0,0.0,0.0,0.0
0,0.0,7.616197283451813e-41,-1.904853434098186e-06,4.934694740706751e-28
329854330233033,2.363250063207417e-38,8.858027982536466e-41,3.587324068671532e-43,4.039091094248021e-28
0,0.0,0.0,0.0,0.0
0,0.0,0.0,1.635455437713494e-41,-5.8952358376009997e+20
1304964171519051776,1.0150139395648239e-08,2.3668373872760887e-38,1.432407290232828e-41,7.174648137343064e-43
1297037792194330624,0.0,0.0,0.0,0.0
0,0.0,2.1882676818896343e-41,0.0,0.0
0,0.0,0.0,0.0,0.0
58068066806340,4.934694740706751e-28,1.0761972206014595e-40,1.0150139395648239e-08,2.3668373872760887e-38
45002667327744,4.039091094248021e-28,0.0,0.0,0.0
0,0.0,0.0,0.0,0.0
4597,1.992027203759838e-16,4.927668948269627e-28,1.1766422945242624e-40,1.0150139395648239e-08
72073979338184686,3.587324068671532e-43,4.039091094248021e-28,0.0,0.0
0,0.0,0.0,0.0,0.0
67070209294336,0.0,0.0,0.0,0.0
0,0.0,4.2876930411410753e-41,-5.027922242140496e-35,4.934694740706751e-28
329854330233033,2.352057892372855e-38,3.1901960838818785e-41,0.0,4.039091094248021e-28
0,0.0,0.0,0.0,0.0
0,0.0,0.0,8.236972503147707e-41,2.2986476693783827e+34
1304964171519051776,1.0150139395648239e-08,2.3556452164415264e-38,4.947984877530929e-41,3.587324068671532e-43
1297037792194330624,0.0,0.0,0.0,0.0
0,0.0,2.1882676818896343e-41,0.0,0.0
0,0.0,0.0,0.0,0.0
64922001058372,4.934694740706751e-28,1.0761972206014595e-40,1.0150139395648239e-08,2.3556452164415264e-38
152754806849536,4.039091094248021e-28,0.0,0.0,0.0
0,0.0,0.0,0.0,0.0
22820,-9.28144993171071e-38,4.927668948269627e-28,1.1766422945242624e-40,1.0150139395648239e-08
72183930500987886,3.587324068671532e-43,4.039091094248021e-28,0.0,0.0
0,0.0,0.0,0.0,0.0
67070209294336,0.0,0.0,0.0,0.0
0,0.0,5.912919000064998e-41,211.66510009765625,4.934694740706751e-28
329854330233033,2.359232540510198e-38,6.77752015255341e-41,0.0,4.039091094248021e-28
0,0.0,0.0,0.0,0.0
0,0.0,0.0,4.165780074744816e-41,-3.0634026525139036e-20
1304964171519051776,1.0150139395648239e-08,2.3628198645788694e-38,8.535308946202461e-41,3.587324068671532e-43
1297037792194330624,0.0,0.0,0.0,0.0
0,0.0,2.1882676818896343e-41,0.0,0.0
0,0.0,0.0,0.0,0.0
65252182895172,4.934694740706751e-28,1.0761972206014595e-40,1.0150139395648239e-08,2.3628198645788694e-38
262705969627136,4.039091094248021e-28,0.0,0.0,0.0
0,0.0,0.0,0.0,0.0
8223,154281.0625,4.927668948269627e-28,1.1766422945242624e-40,1.0150139395648239e-08
72293881663725551,7.174648137343064e-43,4.039091094248021e-28,0.0,0.0
0,0.0,0.0,0.0,0.0
67070209294336,0.0,0.0,0.0,0.0
0,0.0,1.343985357133932e-41,6.840113545014681e-12,4.934694740706751e-28
329854330233033,2.366407188647541e-38,1.1814347352722533e-41,3.587324068671532e-43,4.039091094248021e-28
0,0.0,0.0,0.0,0.0
0,0.0,0.0,3.977445561139561e-41,6.889134957556678e-20
1304964171519051776,1.0150139395648239e-08,2.351627693744307e-38,2.939223528921304e-41,7.174648137343064e-43
1297037792194330624,0.0,0.0,0.0,0.0
0,0.0,2.1882676818896343e-41,0.0,0.0
0,0.0,0.0,0.0,0.0
195961673001540,4.934694740706751e-28,1.0761972206014595e-40,1.0150139395648239e-08,2.351627693744307e-38
91186450661632,4.039091094248021e-28,0.0,0.0,0.0
0,0.0,0.0,0.0,0.0
6521,-1.4709904723764265e+31,4.927668948269627e-28,1.1766422945242624e-40,1.0150139395648239e-08
72122362144785647,3.587324068671532e-43,4.039091094248021e-28,0.0,0.0
0,0.0,0.0,0.0,0.0
67070209294336,0.0,0.0,0.0,0.0
0,0.0,6.163611295332708e-41,30.95813751220703,4.934694740706751e-28
329854330233033,2.3552150178129787e-38,4.8046320446305e-41,0.0,4.039091094248021e-28
0,0.0,0.0,0.0,0.0
