timestamp,x,y,z,id
7093013700904838502,4.30648129380514e+21,1.17593440813461e+27,3.43508081171069e+30,27508
0,0.0,0.0,0.0,0
3270015103887867904,1.4005114776227678e-11,9.868170796126582e-39,0.0,0
0,0.0,0.0,0.0,0
0,0.0,0.0,0.0,0
0,0.0,0.0,0.0,0
5568137989290196992,1.0723209875607154e-08,0.0,0.0,0
0,0.0,0.0,0.0,0
0,4.2071183794423983e-41,1.401298464324817e-45,7.006492321624085e-45,82
4626322717216342016,0.0,0.0,0.0,0
0,0.0,0.0,0.0,0
0,0.0,0.0,0.0,0
0,0.0,0.0,0.0,0
0,0.0,0.0,0.0,0
0,0.0,0.0,0.0,4352
59589319012608,0.0,0.0,0.0,0
0,214748364800.0,6.41482422736317e-10,6.451042477984004e-10,5254467
0,0.0,0.0,0.0,0
0,0.0,0.0,0.0,0
0,0.0,0.0,0.0,0
0,0.0,0.0,0.0,0
0,0.0,0.0,7.450580596923828e-09,875573555
3616724959280248113,1.2240929159190728e-08,1.0608618872254283e-08,2.607646321095558e-09,959983927
0,0.0,0.0,0.0,0
0,0.0,1.3410954124992713e-08,0.00021495005057659,959657778
422624637497,0.0,0.0,0.0,808583168
3833213400015450712,6.601503628189676e-07,6.726232628759122e-44,0.0,0
0,0.0,0.0,0.0,0
0,0.0,0.0,0.0,0
0,0.0,0.0,0.0,0
0,0.0,0.0,0.0,0
0,0.0,0.0,0.0,0
0,0.0,0.0,0.0,0
0,0.0,0.0,0.0,0
0,0.0,0.0,0.0,0
0,0.0,0.0,0.0,0
0,0.0,0.0,0.0,0
0,0.0,0.0,0.0,0
0,0.0,0.0,0.0,0
0,0.0,0.0,0.0,0
0,0.0,0.0,0.0,0
0,0.0,0.0,0.0,0
0,0.0,0.0,4.839609399384546e-22,16777258
502889905782856,7.454907830208027e-41,7.716249993804605e-41,1.653040332142306e-39,1
0,0.0,0.0,0.0,0
0,8.547920632381384e-44,0.0,0.0,0
0,0.0,0.0,0.0,2512134010
72058019710649514,4.047266688456119e-11,1.6407523459086418e-40,7.454907830208027e-41,55066
4296146944,0.0,0.0,0.0,0
0,0.0,0.0,0.0,0
2022754679814977688,2.3510004725516753e-38,4.047276402907585e-11,1.6407523459086418e-40,53250
5066553875814219,1.401298464324817e-45,0.0,0.0,0
0,0.0,0.0,0.0,61
0,0.0,0.0,0.0,0
0,2.086007109555241e+27,4.839609399384546e-22,2.3510164473541686e-38,775028780
228707008629088,7.723396615972662e-41,1.653040332142306e-39,1.401298464324817e-45,0
0,0.0,0.0,0.0,0
0,0.0,351141862834176.0,4.839609399384546e-22,16777258
502889905782856,7.468920814851275e-41,7.730262978447853e-41,1.6530417334407705e-39,1
0,0.0,0.0,0.0,0
0,8.547920632381384e-44,0.0,0.0,0
0,0.0,0.0,0.0,2048352147
72058019710649514,4.047266688456119e-11,1.6407523459086418e-40,7.468920814851275e-41,55166
4296146945,0.0,0.0,0.0,0
0,0.0,0.0,0.0,0
2022754682557371215,2.3510004725516753e-38,4.047276402907585e-11,1.6407523459086418e-40,53350
5066558170781615,1.401298464324817e-45,0.0,0.0,0
0,0.0,0.0,0.0,61
0,0.0,0.0,0.0,0
0,1.2419324639827402e-29,4.839609399384546e-22,2.3510164473541686e-38,775028780
229136505358688,7.73740960061591e-41,1.653040332142306e-39,1.401298464324817e-45,0
0,0.0,0.0,0.0,0
0,0.0,-7.277338840692545e+32,4.839609399384546e-22,16777258
502889905782856,7.482933799494523e-41,7.744275963091102e-41,1.6530417334407705e-39,1
0,0.0,0.0,0.0,0
0,8.547920632381384e-44,0.0,0.0,0
0,0.0,0.0,0.0,2895911776
72058019710649514,4.047266688456119e-11,1.6407523459086418e-40,7.482933799494523e-41,55266
4296146945,0.0,0.0,0.0,0
0,0.0,0.0,0.0,0
2022754679983723170,2.3510004725516753e-38,4.047276402907585e-11,1.6407523459086418e-40,53450
5066553875814420,1.401298464324817e-45,0.0,0.0,0
0,0.0,0.0,0.0,61
0,0.0,0.0,0.0,0
0,-1.113455359743932e+27,4.839609399384546e-22,2.3510164473541686e-38,775028780
229566002088288,7.751562715105591e-41,1.6530389308438418e-39,1.401298464324817e-45,0
0,0.0,0.0,0.0,0
0,0.0,1.8028907198358652e+30,4.839609399384546e-22,16777258
502889905782856,7.496946784137771e-41,7.758429077580782e-41,1.653040332142306e-39,1
0,0.0,0.0,0.0,0
0,8.547920632381384e-44,0.0,0.0,0
0,0.0,0.0,0.0,2512193874
72058019710649514,4.047266688456119e-11,1.6407523459086418e-40,7.496946784137771e-41,55367
4296146944,0.0,0.0,0.0,0
0,0.0,0.0,0.0,0
2022754681366804440,2.3510004725516753e-38,4.047276402907585e-11,1.6407523459086418e-40,53550
5066553875814520,1.401298464324817e-45,0.0,0.0,0
0,0.0,0.0,0.0,61
0,0.0,0.0,0.0,0
0,-5.924503900665149e+25,4.839609399384546e-22,2.3510164473541686e-38,775028780
229995498817888,7.765575699748839e-41,1.6530389308438418e-39,1.401298464324817e-45,0
0,0.0,0.0,0.0,0
0,0.0,31.179262161254883,4.839609399384546e-22,16777258
502889905782856,7.51095976878102e-41,7.77244206222403e-41,1.653040332142306e-39,1
0,0.0,0.0,0.0,0
0,8.547920632381384e-44,0.0,0.0,0
0,0.0,0.0,0.0,833891120
72058019710649514,4.047266688456119e-11,1.6407523459086418e-40,7.51095976878102e-41,55467
4296146944,0.0,0.0,0.0,0
0,0.0,0.0,0.0,0
2022754680383264413,2.3510004725516753e-38,4.047276402907585e-11,1.6407523459086418e-40,53650
5066553875814620,1.401298464324817e-45,0.0,0.0,0
0,0.0,0.0,0.0,61
0,0.0,0.0,0.0,0
0,74261855207424.0,4.839609399384546e-22,2.3510164473541686e-38,775028780
230424995547488,7.779588684392087e-41,1.653040332142306e-39,1.401298464324817e-45,0
0,0.0,0.0,0.0,0
0,0.0,106009886720.0,4.839609399384546e-22,16777258
502889905782856,7.524972753424268e-41,7.786455046867279e-41,1.6530417334407705e-39,1
0,0.0,0.0,0.0,0
0,8.547920632381384e-44,0.0,0.0,0
0,0.0,0.0,0.0,2463860913
72058019710649514,4.047266688456119e-11,1.6407523459086418e-40,7.524972753424268e-41,55567
4296146945,0.0,0.0,0.0,0
0,0.0,0.0,0.0,0
2022754679654095570,2.3510004725516753e-38,4.047276402907585e-11,1.6407523459086418e-40,53750
5066558170782016,1.401298464324817e-45,0.0,0.0,0
0,0.0,0.0,0.0,61
0,0.0,0.0,0.0,0
0,-28640094208.0,4.839609399384546e-22,2.3510164473541686e-38,775028780
230854492277088,7.793601669035335e-41,1.653040332142306e-39,1.401298464324817e-45,0
0,0.0,0.0,0.0,0
0,0.0,-62828.9921875,4.839609399384546e-22,16777258
502889905782856,7.538985738067516e-41,7.800608161356959e-41,1.653040332142306e-39,1
0,0.0,0.0,0.0,0
0,8.547920632381384e-44,0.0,0.0,0
0,0.0,0.0,0.0,1762762919
72058019710649514,4.047266688456119e-11,1.6407523459086418e-40,7.538985738067516e-41,55668
4296146944,0.0,0.0,0.0,0
0,0.0,0.0,0.0,0
2022754680881727458,2.3510004725516753e-38,4.047276402907585e-11,1.6407523459086418e-40,53850
5066553875814821,1.401298464324817e-45,0.0,0.0,0
0,0.0,0.0,0.0,61
0,0.0,0.0,0.0,0
0,-4.061838796765332e+33,4.839609399384546e-22,2.3510164473541686e-38,775028780
231283989006688,7.807754783525016e-41,1.6530389308438418e-39,1.401298464324817e-45,0
0,0.0,0.0,0.0,0
0,0.0,-3.5894946919764577e-19,4.839609399384546e-22,16777258
502889905782856,7.552998722710764e-41,7.814621146000207e-41,1.653040332142306e-39,1
0,0.0,0.0,0.0,0
0,8.547920632381384e-44,0.0,0.0,0
0,0.0,0.0,0.0,3358695796
72058019710649514,4.047266688456119e-11,1.6407523459086418e-40,7.552998722710764e-41,55768
4296146944,0.0,0.0,0.0,0
0,0.0,0.0,0.0,0
2022754681561184264,2.3510004725516753e-38,4.047276402907585e-11,1.6407523459086418e-40,53950
5066553875814921,1.401298464324817e-45,0.0,0.0,0
0,0.0,0.0,0.0,61
0,0.0,0.0,0.0,0
0,-1.8689490036748274e-34,4.839609399384546e-22,2.3510164473541686e-38,775028780
231713485736288,7.821767768168264e-41,1.6530389308438418e-39,1.401298464324817e-45,0
0,0.0,0.0,0.0,0
0,0.0,3.6453703699331814e-25,4.839609399384546e-22,16777258
502889905782856,7.567011707354012e-41,7.828634130643456e-41,1.653040332142306e-39,1
0,0.0,0.0,0.0,0
0,8.547920632381384e-44,0.0,0.0,0
0,0.0,0.0,0.0,3271518804
72058019710649514,4.047266688456119e-11,1.6407523459086418e-40,7.567011707354012e-41,55868
4296146944,0.0,0.0,0.0,0
0,0.0,0.0,0.0,0
5138122446681134957,2.4478906315156257e-12,2.446719042648038e-12,2.446719910009776e-12,741092396
5126233327748459052,205.32150268554688,3.043574940686522e-12,2.446719042648038e-12,741092396
952286103139536428,6.205628429552527e-28,1.5105997445421528e-41,7.46695238973416e-09,29974574
61481391704187392,4.039214353764462e-28,3.587324068671532e-43,0.0,0
0,0.0,0.0,0.0,0
15616,0.0,0.0,0.0,0
0,0.0,-0.8839569091796875,6.205655874054234e-28,25372
128739815880403969,1.938948659116963e-38,2.005959872719747e-38,4.039091094248021e-28,256
0,0.0,0.0,0.0,0
0,0.0,0.0,-533993619456.0,306489857
3602958871028574748,7.397374999417936e-38,1.9407423211512987e-38,2.0077176615133961e-38,301990400
256,0.0,0.0,0.0,0
0,0.0,2.1882676818896343e-41,0.0,0
0,0.0,0.0,0.0,0
1316364097430387200,3.555374463684926e-41,7.46058592682175e-09,7.397374999417936e-38,13849600
1297037792208658432,3.587324068671532e-43,0.0,0.0,0
0,0.0,0.0,0.0,0
6798170443376230400,6.205648651816943e-28,1.5105997445421528e-41,7.46695238973416e-09,29974574
61589143843735040,4.039091094248021e-28,3.587324068671532e-43,0.0,0
0,0.0,0.0,0.0,0
15616,0.0,0.0,0.0,0
0,0.0,-3.7464779664445206e+34,6.20573291125201e-28,25372
128739815880403969,1.9425359831856344e-38,2.0094754503070452e-38,4.0389678347315804e-28,256
0,0.0,0.0,0.0,0
0,0.0,0.0,1.2862709180628644e-38,306490110
3602958871028574748,7.397374999417936e-38,1.9443296452199702e-38,2.0112332391006942e-38,301990144
256,0.0,0.0,0.0,0
0,0.0,2.1882676818896343e-41,0.0,0
0,0.0,0.0,0.0,0
1316364100188171776,3.555374463684926e-41,7.46058592682175e-09,7.397374999417936e-38,13875200
1297036692697055744,3.587324068671532e-43,0.0,0.0,0
0,0.0,0.0,0.0,0
2839422808033853440,6.205659725914123e-28,1.5105997445421528e-41,7.46695238973416e-09,29974574
61699095006538240,4.039091094248021e-28,3.587324068671532e-43,0.0,0
0,0.0,0.0,0.0,0
15616,0.0,0.0,0.0,0
0,0.0,-7.428611296318222e-19,6.205719429742399e-28,25372
128739815880403969,1.946123307254306e-38,2.0130627743757167e-38,4.0389678347315804e-28,256
0,0.0,0.0,0.0,0
0,0.0,0.0,-1.6169897526391249e+35,306490027
3602958871028574748,7.397374999417936e-38,1.9479169692886417e-38,2.0148205631693658e-38,301990144
256,0.0,0.0,0.0,0
0,0.0,2.1882676818896343e-41,0.0,0
0,0.0,0.0,0.0,0
1316364125034580736,3.555374463684926e-41,7.46058592682175e-09,7.397374999417936e-38,13900800
1297036692697081344,3.587324068671532e-43,0.0,0.0,0
0,0.0,0.0,0.0,0
7253439725531299840,6.205657799984179e-28,1.5105997445421528e-41,7.46695238973416e-09,29974574
61809046169341440,4.039214353764462e-28,3.587324068671532e-43,0.0,0
0,0.0,0.0,0.0,0
15616,0.0,0.0,0.0,0
0,0.0,330584.0,6.2056525036768315e-28,25372
128739815880403969,1.9497106313229775e-38,2.0166500984443883e-38,4.039091094248021e-28,256
0,0.0,0.0,0.0,0
0,0.0,0.0,-89.697265625,306489923
3602958871028574748,7.397374999417936e-38,1.9515042933573132e-38,2.0184078872380373e-38,301990400
256,0.0,0.0,0.0,0
0,0.0,2.1882676818896343e-41,0.0,0
0,0.0,0.0,0.0,0
1316364721468657664,3.555374463684926e-41,7.46058592682175e-09,7.397374999417936e-38,13926400
1297037792208734720,3.587324068671532e-43,0.0,0.0,0
0,0.0,0.0,0.0,0
11324785048139333632,6.205705948232788e-28,1.5105997445421528e-41,7.46695238973416e-09,29974574
61920096843772416,4.039091094248021e-28,3.587324068671532e-43,0.0,0
0,0.0,0.0,0.0,0
15616,0.0,0.0,0.0,0
0,0.0,-2.8036884032189846e-06,6.2056525036768315e-28,25372
128739815880403969,1.953297955391649e-38,2.0202732957537465e-38,4.0389678347315804e-28,256
0,0.0,0.0,0.0,0
0,0.0,0.0,-6.289429184743237e+37,306489875
3602958871028574748,7.397374999417936e-38,1.9550916174259848e-38,2.0220310845473956e-38,301990144
256,0.0,0.0,0.0,0
0,0.0,2.1882676818896343e-41,0.0,0
0,0.0,0.0,0.0,0
1316364810996215040,3.555374463684926e-41,7.46058592682175e-09,7.397374999417936e-38,13952000
1297036692697132800,3.587324068671532e-43,0.0,0.0,0
0,0.0,0.0,0.0,0
11885363354979532800,6.205696318583066e-28,1.5105997445421528e-41,7.46695238973416e-09,29974574
62030048006575616,4.039091094248021e-28,3.587324068671532e-43,0.0,0
0,0.0,0.0,0.0,0
15616,0.0,0.0,0.0,0
0,0.0,1944781324288.0,6.205681874108483e-28,25372
128739815880403969,1.9568852794603205e-38,2.023860619822418e-38,4.0389678347315804e-28,256
0,0.0,0.0,0.0,0
0,0.0,0.0,-4546892897714176.0,306489967
3602958871028574748,7.397374999417936e-38,1.9586789414946563e-38,2.025618408616067e-38,301990144
256,0.0,0.0,0.0,0
0,0.0,2.1882676818896343e-41,0.0,0
0,0.0,0.0,0.0,0
1316364117990097408,3.555374463684926e-41,7.46058592682175e-09,7.397374999417936e-38,13977600
1297036692697158400,3.587324068671532e-43,0.0,0.0,0
0,0.0,0.0,0.0,0
17707199358727880704,6.205658281466665e-28,1.5105997445421528e-41,7.46695238973416e-09,29974574
62139999169378816,4.039091094248021e-28,3.587324068671532e-43,0.0,0
0,0.0,0.0,0.0,0
15616,0.0,0.0,0.0,0
0,0.0,-7.18489152455941e+22,6.205690059310747e-28,25372
128739815880403969,1.960472603528992e-38,2.0274479438910896e-38,4.0389678347315804e-28,256
0,0.0,0.0,0.0,0
0,0.0,0.0,-3.166700138093574e+32,306489945
3602958871028574748,7.397374999417936e-38,1.9622662655633278e-38,2.0292057326847386e-38,301990400
256,0.0,0.0,0.0,0
0,0.0,2.1882676818896343e-41,0.0,0
0,0.0,0.0,0.0,0
1316364561050812672,3.555374463684926e-41,7.46058592682175e-09,7.397374999417936e-38,14003200
1297037792208811776,3.587324068671532e-43,0.0,0.0,0
0,0.0,0.0,0.0,0
10190301254018662400,6.205700170442955e-28,1.5105997445421528e-41,7.46695238973416e-09,29974574
62249950332182016,4.039214353764462e-28,3.587324068671532e-43,0.0,0
0,0.0,0.0,0.0,0
15616,0.0,0.0,0.0,0
0,0.0,-7.068588141232876e-27,6.205706429715274e-28,25372
128739815880403969,1.9640599275976636e-38,2.031035267959761e-38,4.039091094248021e-28,256
0,0.0,0.0,0.0,0
0,0.0,0.0,2.6386164684478437e-28,306489916
3602958871028574748,7.397374999417936e-38,1.9658535896319994e-38,2.0328289299940969e-38,301990144
256,0.0,0.0,0.0,0
0,0.0,2.1882676818896343e-41,0.0,0
0,0.0,0.0,0.0,0
1316364806257472256,3.555374463684926e-41,7.46058592682175e-09,7.397374999417936e-38,14028800
1297036692697209856,3.587324068671532e-43,0.0,0.0,0
0,0.0,0.0,0.0,0
1822065589573648384,6.2056375777197625e-28,1.5105997445421528e-41,7.46695238973416e-09,29974574
62361001006612992,4.039091094248021e-28,3.587324068671532e-43,0.0,0
0,0.0,0.0,0.0,0
15616,0.0,0.0,0.0,0
0,0.0,-2.9091288691751533e+27,6.205725689014718e-28,25372
128739815880403969,1.9676472516663351e-38,2.0346584652691194e-38,4.0389678347315804e-28,256
0,0.0,0.0,0.0,0
0,0.0,0.0,0.009410381317138672,306490100
3602958871028574748,7.397374999417936e-38,1.969440913700671e-38,2.0364162540627684e-38,301990144
256,0.0,0.0,0.0,0
0,0.0,2.1882676818896343e-41,0.0,0
0,0.0,0.0,0.0,0
1316364986201441280,3.555374463684926e-41,7.46058592682175e-09,7.397374999417936e-38,14054400
1297036692697235456,3.587324068671532e-43,0.0,0.0,0
0,0.0,0.0,0.0,0
10926680475023966208,6.205654911089262e-28,1.5105997445421528e-41,7.46695238973416e-09,29974574
62470952169416192,4.039091094248021e-28,3.587324068671532e-43,0.0,0
0,0.0,0.0,0.0,0
15616,0.0,0.0,0.0,0
0,0.0,-3.120210021734238e-05,6.2057223186373155e-28,25372
128739815880403969,1.9712345757350067e-38,2.038245789337791e-38,4.0389678347315804e-28,256
0,0.0,0.0,0.0,0
0,0.0,0.0,7.037167460858674e-33,306490060
3602958871028574748,7.397374999417936e-38,1.9730282377693424e-38,2.04000357813144e-38,301990144
256,0.0,0.0,0.0,0
0,0.0,2.1882676818896343e-41,0.0,0
0,0.0,0.0,0.0,0
1316364945403773952,3.555374463684926e-41,7.46058592682175e-09,7.397374999417936e-38,14080000
1297036692697261056,3.587324068671532e-43,0.0,0.0,0
0,0.0,0.0,0.0,0
16357713762377007104,835260544.0,2.7466516474422553e-12,2.446719042648038e-12,741093420
3975038189339159596,2.993517667737144e-17,220521584.0,47326525652992.0,741092396
3192537754083535916,1.0679088518372737e-05,1360.3140869140625,3.867160569400269e-39,4718848
15495197475595103794,-3.8370668825196626e+18,1.8367099231598242e-40,9.186071953034906e-41,0
0,0.0,0.0,0.0,0
17169973579350016,0.0,0.0,0.0,0
0,0.0,0.0,-1.1955344790805478e-24,1152008916
12385998493391890,-918243.125,-151732621410304.0,-3.8550812810291446e+18,65536
65554,0.0,0.0,0.0,0
0,0.0,0.0,0.0,2460483584
11852813808859431,6.612514455782234e-39,-918243.125,-206708202799104.0,3733389312
281552286253056,0.0,0.0,0.0,0
0,0.0,0.0,5.601965265637464e-39,0
0,0.0,0.0,0.0,0
16696251193545981952,1367.6029052734375,9.101783850405768e-39,4.0411205633584805e-39,3378523698
16035066476863684609,9.183549615799121e-41,9.186071953034906e-41,0.0,0
0,0.0,0.0,0.0,0
0,4.0429121392576855e-30,1363.4473876953125,3.867160569400269e-39,4718848
15523344973266169394,-6.593269854470406e+18,9.183549615799121e-41,9.186071953034906e-41,0
0,0.0,0.0,0.0,0
17169973579350016,0.0,0.0,0.0,0
0,0.0,0.0,-2.2592976325529778e-27,1152018857
12385998493391890,-918243.125,-261683784187904.0,-6.62929865148937e+18,0
65554,0.0,0.0,0.0,0
0,0.0,0.0,0.0,1922826240
11852813808835813,6.612514455782234e-39,-918243.125,-351843754442752.0,3739811840
281552286187520,0.0,0.0,0.0,0
0,0.0,0.0,5.601965265637464e-39,0
0,0.0,0.0,0.0,0
14738029780569948160,1367.265625,9.101783850405768e-39,4.0411205633584805e-39,3378523698
16062651024587882497,0.0,9.186071953034906e-41,0.0,0
0,0.0,0.0,0.0,0
0,-3.645666924775366e+24,1367.647705078125,3.867160569400269e-39,4718848
15551492470937234994,-1.116892707587883e+19,9.183549615799121e-41,9.186071953034906e-41,0
0,0.0,0.0,0.0,0
17169973579350016,0.0,0.0,0.0,0
0,0.0,0.0,4.4405460357666016e-06,1152024495
12385998493391890,-918243.125,-461794917220352.0,-1.1240984669916758e+19,0
65554,0.0,0.0,0.0,0
0,0.0,0.0,0.0,2005270528
11852813808892758,6.612514455782234e-39,-918243.125,-580542206574592.0,3746365440
281552286187520,0.0,0.0,0.0,0
0,0.0,0.0,5.601965265637464e-39,0
0,0.0,0.0,0.0,0
3674937295934324736,1361.0888671875,9.101783850405768e-39,4.0411205633584805e-39,3378523698
16090798522265501697,0.0,9.186071953034906e-41,0.0,0
0,0.0,0.0,0.0,0
0,-3808428032.0,1366.7781982421875,3.867160569400269e-39,4718848
15579639968608300594,-1.8374686479671624e+19,1.8367099231598242e-40,9.186071953034906e-41,0
0,0.0,0.0,0.0,0
17169973579350016,0.0,0.0,0.0,0
0,0.0,0.0,0.00029754638671875,1152055289
12385998493391890,-918243.125,-800444532129792.0,-1.8446744073709552e+19,65536
65554,0.0,0.0,0.0,0
0,0.0,0.0,0.0,796524544
11852813808872974,6.612514455782234e-39,-918243.125,-1020346857684992.0,3752984576
281552286187520,0.0,0.0,0.0,0
0,0.0,0.0,5.601965265637464e-39,0
0,0.0,0.0,0.0,0
5893523062367715328,1363.283203125,9.101783850405768e-39,4.0411205633584805e-39,3378523698
16119227494919831553,0.0,9.186071953034906e-41,0.0,0
0,0.0,0.0,0.0,0
0,-6.658000003057436e-35,1367.8773193359375,3.867160569400269e-39,4718848
15607787466279366194,-3.285826288129514e+19,9.183549615799121e-41,9.186071953034906e-41,0
0,0.0,0.0,0.0,0
17169973579350016,0.0,0.0,0.0,0
0,0.0,0.0,3.8911100780481085e+19,1152007218
12385998493391890,-918243.125,-1354598459637760.0,-3.3002378069370995e+19,0
65554,0.0,0.0,0.0,0
0,0.0,0.0,0.0,1991114752
11852813808891026,6.612514455782234e-39,-918243.125,-1794403110748160.0,3759538176
281552286187520,0.0,0.0,0.0,0
0,0.0,0.0,5.601965265637464e-39,0
0,0.0,0.0,0.0,0
224617031415103488,1363.97314453125,9.101783850405768e-39,4.0411205633584805e-39,3378523698
16147374992597450753,0.0,9.186071953034906e-41,0.0,0
0,0.0,0.0,0.0,0
0,-2.5743326283008096e-36,1367.9183349609375,3.867160569400269e-39,4718848
15635934963950431794,-5.764607523034235e+19,9.183549615799121e-41,9.186071953034906e-41,0
0,0.0,0.0,0.0,0
17169973579350016,0.0,0.0,0.0,0
0,0.0,0.0,1.1992544130577121e+28,1152001058
12385998493391890,-918243.125,-2234207761858560.0,-5.793430560649406e+19,0
65554,0.0,0.0,0.0,0
0,0.0,0.0,0.0,2917269504
11852813808833766,6.612514455782234e-39,-918243.125,-3096225012252672.0,3766091776
281552286187520,0.0,0.0,0.0,0
0,0.0,0.0,5.601965265637464e-39,0
0,0.0,0.0,0.0,0
6324179776735019008,1363.1529541015625,9.101783850405768e-39,4.0411205633584805e-39,3378523698
16175522490275069953,0.0,9.186071953034906e-41,0.0,0
0,0.0,0.0,0.0,0
0,3344.0,1361.11376953125,3.867160569400269e-39,4718848
15664082461621497394,-9.915124939618884e+19,9.183549615799121e-41,9.186071953034906e-41,0
0,0.0,0.0,0.0,0
17169973579350016,0.0,0.0,0.0,0
0,0.0,0.0,-3.2201548670154583e-31,1152016663
12385998493391890,-918243.125,-3975834314473472.0,-9.972771014849226e+19,0
65554,0.0,0.0,0.0,0
0,0.0,0.0,0.0,3763142656
11852813808875203,6.612514455782234e-39,-918243.125,-5207287606018048.0,3772645376
281552286187520,0.0,0.0,0.0,0
0,0.0,0.0,5.601965265637464e-39,0
0,0.0,0.0,0.0,0
6203427011726147584,1366.1802978515625,9.101783850405768e-39,4.0411205633584805e-39,3378523698
16203669987952689153,9.183549615799121e-41,9.186071953034906e-41,0.0,0
0,0.0,0.0,0.0,0
0,-3.6605692852670535e+35,1366.908203125,3.867160569400269e-39,4718848
15692229959292562994,-1.6602069666338596e+20,1.8367099231598242e-40,9.186071953034906e-41,0
0,0.0,0.0,0.0,0
17169973579350016,0.0,0.0,0.0,0
0,0.0,0.0,8.802491124069019e+24,1152006732
12385998493391890,-918243.125,-6966506210459648.0,-1.6832653967259966e+20,0
65554,0.0,0.0,0.0,0
0,0.0,0.0,0.0,2008416256
11852813808883538,6.612514455782234e-39,-918243.125,-8725724814901248.0,3779264512
281552286187520,0.0,0.0,0.0,0
0,0.0,0.0,5.601965265637464e-39,0
0,0.0,0.0,0.0,0
7043629817207455744,1365.3603515625,9.101783850405768e-39,4.0411205633584805e-39,3378523698
16232098960607019009,0.0,9.186071953034906e-41,0.0,0
0,0.0,0.0,0.0,0
0,2.379629985508532e+21,1362.896240234375,3.867160569400269e-39,4718848
15720377456963628594,-2.824657686286775e+20,9.183549615799121e-41,9.186071953034906e-41,0
0,0.0,0.0,0.0,0
17169973579350016,0.0,0.0,0.0,0
0,0.0,0.0,1.4895864413620027e-34,1152006578
12385998493391890,-918243.125,-1.1962687583944704e+16,-2.8361869013328436e+20,0
65554,0.0,0.0,0.0,0
0,0.0,0.0,0.0,122093568
11852813808875319,6.612514455782234e-39,-918243.125,-1.5481124792827904e+16,3785818112
281552286187520,0.0,0.0,0.0,0
0,0.0,0.0,5.601965265637464e-39,0
0,0.0,0.0,0.0,0
95982967058333696,1363.126220703125,9.101783850405768e-39,4.0411205633584805e-39,3378523698
16260246458284638209,0.0,9.186071953034906e-41,0.0,0
0,0.0,0.0,0.0,0
0,5.800769146644378e+33,1365.2735595703125,3.867160569400269e-39,4718848
15748524954634694194,-5.003679329993716e+20,9.183549615799121e-41,9.186071953034906e-41,0
0,0.0,0.0,0.0,0
17169973579350016,0.0,0.0,0.0,0
0,0.0,0.0,-12096.0,1152022958
12385998493391890,-918243.125,-1.9984725493940224e+16,-5.026737760085853e+20,0
65554,0.0,0.0,0.0,0
0,0.0,0.0,0.0,3098345472
11852813808864439,6.612514455782234e-39,-918243.125,-2.7021599911706624e+16,3792371712
281552286187520,0.0,0.0,0.0,0
0,0.0,0.0,5.601965265637464e-39,0
0,0.0,0.0,0.0,0
8250031567389327360,1363.9478759765625,9.101783850405768e-39,4.0411205633584805e-39,3378523698
16288393955962257409,0.0,9.186071953034906e-41,0.0,0
0,0.0,0.0,0.0,0
0,-8.500259669165361e+22,41988.2421875,12.45490837097168,741092396
3182967604875635756,1.5291994016550237e-13,6.799475890966684e-33,221489201152.0,741098317
3182967604875373654,722144000.0,3.9659582284912176e-08,-1.2261447011798626e-13,706482756
6930531853359185920,-2.53543932023135e+30,0.031250812113285065,9.40420816134065e-38,16781824
0,0.0,0.0,0.0,0
0,0.03125,0.0,0.0,0
0,0.0,0.0,0.0,3053453312
7141603195236379160,1.8332002582610585e-12,5.0208380445739975e+19,-2.53543932023135e+30,1040187610
72077385264005346,0.0,0.0,0.0,0
0,0.0,0.0,0.0,0
12297593332837646336,1.3861920509020131e-13,132096.0,5.0208380445739975e+19,603980233
144116160600735963,2.352280138309297e-38,0.0,0.0,0
0,0.0,0.0,0.0,1023410176
0,0.0,0.0,0.0,0
0,-3.76158192263132e-37,-3.712386301146786e-13,2.879008252489789e+21,738263040
2594075349779100160,1.5846046182156767e+29,2.3510520403351625e-38,2.352280138309297e-38,0
0,0.0,0.0,0.0,0
0,0.0,9007199254740992.0,-1.4542081189401757e-13,706482756
6930531853359185920,35186288885760.0,-2.7105761939302256e-20,2.3510520403351625e-38,16781824
0,0.0,0.0,0.0,0
0,0.03125,0.0,0.0,0
0,0.0,0.0,0.0,3858759680
7141603195230212680,1.8332002582610585e-12,5.0208380445739975e+19,35186288885760.0,2684354779
72077385247228130,0.0,0.0,0.0,0
0,0.0,0.0,0.0,0
12259070330248626176,1.3861920509020131e-13,132096.0,5.0208380445739975e+19,2281701833
72058568206975195,2.352280138309297e-38,0.0,0.0,0
0,0.0,0.0,0.0,1023410176
0,0.0,0.0,0.0,0
0,6.64613997892458e+35,-1.7552125931071666e-13,2.879008252489789e+21,738263040
9799834753571893760,-137442541568.0,3.1669345293740866e-43,2.352280138309297e-38,0
0,0.0,0.0,0.0,0
0,0.0,34359738368.0,-2.81535997856755e-13,706482756
6930531853359185920,-0.0004883078509010375,3.7616801256277e-37,2.3510523205948554e-38,16781824
0,0.0,0.0,0.0,0
0,0.03125,0.0,0.0,0
0,0.0,0.0,0.0,1526726656
7141603195222787853,1.8332002582610585e-12,5.0208380445739975e+19,-0.0004883078509010375,67109083
72077385247228131,0.0,0.0,0.0,0
0,0.0,0.0,0.0,0
12307744395230183424,1.3861920509020131e-13,132096.0,5.0208380445739975e+19,3959423433
72058569884696795,2.352280138309297e-38,0.0,0.0,0
0,0.0,0.0,0.0,1023410176
0,0.0,0.0,0.0,0
0,-5.764607523034235e+17,-1.4609658155560062e-13,2.879008252489789e+21,738263040
17005594157364687360,1.907398427647422e-06,2.3510523205948554e-38,2.352280138309297e-38,0
0,0.0,0.0,0.0,0
0,0.0,2.407412430484045e-35,-1.3732626689445804e-13,706482756
6930531853359185920,6.776632739694497e-21,6.044787624780029e+23,9.404209282379421e-38,16781824
0,0.0,0.0,0.0,0
0,0.03125,0.0,0.0,0
0,0.0,0.0,0.0,3170893824
7141603195227932883,1.8332002582610585e-12,5.0208380445739975e+19,6.776632739694497e-21,1744830684
72077385264005347,0.0,0.0,0.0,0
0,0.0,0.0,0.0,0
12251079199661490176,1.3861920509020131e-13,132096.0,5.0208380445739975e+19,1342177737
72058571579195612,2.352280138309297e-38,0.0,0.0,0
0,0.0,0.0,0.0,1023410176
0,0.0,0.0,0.0,0
0,-3.961408125713217e+28,-1.834823119177889e-13,2.879008252489789e+21,738263040
5764609487447929344,-1.0588189519717392e-22,3.1809475140173348e-43,2.352280138309297e-38,0
0,0.0,0.0,0.0,0
0,0.0,-512.0,-2.1838966453389258e-13,706482756
6930531853359185920,-9.404467121296857e-38,-33555312.0,2.3510523205948554e-38,16781824
0,0.0,0.0,0.0,0
0,0.03125,0.0,0.0,0
0,0.0,0.0,0.0,218103808
7141603195230362660,1.8332002582610585e-12,5.0208380445739975e+19,-9.404467121296857e-38,3439329500
72077385247228131,0.0,0.0,0.0,0
0,0.0,0.0,0.0,0
12283888009065005056,1.3861920509020131e-13,132096.0,5.0208380445739975e+19,3019899337
72058573256917212,2.352280138309297e-38,0.0,0.0,0
0,0.0,0.0,0.0,1023410176
0,0.0,0.0,0.0,0
0,-3.961408125713217e+28,-3.125589522444405e-13,2.879008252489789e+21,738263040
12970368891240722944,-1.7014564559058204e+38,3.1809475140173348e-43,2.352280138309297e-38,0
0,0.0,0.0,0.0,0
0,0.0,-0.03125,-2.827439346021754e-13,706482756
6930531853359185920,-1.5112396003194748e+23,4.656734997610101e-10,2.351052600854548e-38,16781824
0,0.0,0.0,0.0,0
0,0.03125,0.0,0.0,0
0,0.0,0.0,0.0,3036676096
7141603195230006688,1.8332002582610585e-12,5.0208380445739975e+19,-1.5112396003194748e+23,822083804
72077385247228132,0.0,0.0,0.0,0
0,0.0,0.0,0.0,0
12304846784470974464,1.3861920509020131e-13,132096.0,5.0208380445739975e+19,402653641
72058574934638813,2.352280138309297e-38,0.0,0.0,0
0,0.0,0.0,0.0,1023410176
0,0.0,0.0,0.0,0
0,6.462348535570529e-27,-1.915123333355584e-13,2.879008252489789e+21,738263040
1729384221323964928,2.3612454474046757e+21,3.194960498660583e-43,2.352280138309297e-38,0
0,0.0,0.0,0.0,0
0,0.0,1.661534994731145e+35,-1.2758045488114877e-13,706482756
6930531853359185920,2097266.25,-6.462518787777613e-27,2.351052600854548e-38,16781824
0,0.0,0.0,0.0,0
0,0.03125,0.0,0.0,0
0,0.0,0.0,0.0,587202560
7141603195228290169,1.8332002582610585e-12,5.0208380445739975e+19,2097266.25,2499805405
72077385264005348,0.0,0.0,0.0,0
0,0.0,0.0,0.0,0
12318338280360771584,1.3861920509020131e-13,132096.0,5.0208380445739975e+19,2080375241
72058576612360413,2.352280138309297e-38,0.0,0.0,0
0,0.0,0.0,0.0,1023410176
0,0.0,0.0,0.0,0
0,-1.7763568394002505e-15,-1.3647135992892606e-13,2.879008252489789e+21,738263040
8935143625116758528,-32768.86328125,2.351052600854548e-38,2.352280138309297e-38,0
0,0.0,0.0,0.0,0
0,0.0,-3.8685626227668134e+25,-4.1312163108833677e-13,706482756
6930531853359185920,-2.9105415993990746e-11,-1.0384867301818337e+34,9.404210403418193e-38,16781824
0,0.0,0.0,0.0,0
0,0.03125,0.0,0.0,0
0,0.0,0.0,0.0,2281701376
7141603195224692543,1.8332002582610585e-12,5.0208380445739975e+19,-2.9105415993990746e-11,4194304221
72077385247228132,0.0,0.0,0.0,0
0,0.0,0.0,0.0,0
12278553496726274048,1.3861920509020131e-13,132096.0,5.0208380445739975e+19,3758096841
72058578306859229,2.352280138309297e-38,0.0,0.0,0
0,0.0,0.0,0.0,1023410176
0,0.0,0.0,0.0,0
0,1.7014118346046923e+38,-4.193253817091902e-13,2.879008252489789e+21,738263040
16140903028909552128,1.8190373252818803e-12,3.208973483303831e-43,2.352280138309297e-38,0
0,0.0,0.0,0.0,0
0,0.0,-4.0389678347315804e-28,-2.8717927016454203e-13,706482756
6930531853359185920,4.039187872227727e-28,5.764760080272589e+17,2.351052881114241e-38,16781824
0,0.0,0.0,0.0,0
0,0.03125,0.0,0.0,0
0,0.0,0.0,0.0,2449473536
7141603195230469226,1.8332002582610585e-12,5.0208380445739975e+19,4.039187872227727e-28,1577058526
72077385247228133,0.0,0.0,0.0,0
0,0.0,0.0,0.0,0
12314979424037502976,1.3861920509020131e-13,132096.0,5.0208380445739975e+19,1140851145
72058579984580830,2.352280138309297e-38,0.0,0.0,0
0,0.0,0.0,0.0,1023410176
0,0.0,0.0,0.0,0
0,-2.9103830456733704e-11,-1.7735579714919791e-13,2.879008252489789e+21,738263040
4899918358992794112,-2.5244217024021837e-29,3.208973483303831e-43,2.352280138309297e-38,0
0,0.0,0.0,0.0,0
0,0.0,-5.764607523034235e+17,-3.807253991239268e-13,706482756
6930531853359185920,6.490724659792255e+32,-8.000211715698242,2.351052881114241e-38,16781824
0,0.0,0.0,0.0,0
0,0.03125,0.0,0.0,0
0,0.0,0.0,0.0,3120562176
7141603195222335934,1.8332002582610585e-12,5.0208380445739975e+19,6.490724659792255e+32,3254780126
72077385247228133,0.0,0.0,0.0,0
0,0.0,0.0,0.0,0
12302451425761296384,1.3861920509020131e-13,132096.0,5.0208380445739975e+19,2818572745
72058581662302430,2.352280138309297e-38,0.0,0.0,0
0,0.0,0.0,0.0,1023410176
0,0.0,0.0,0.0,0
0,-1.8189894035458565e-12,-4.040399742208378e-13,2.879008252489789e+21,738263040
12105677762785587712,-4.056589273343116e+31,3.208973483303831e-43,2.352280138309297e-38,0
0,0.0,0.0,0.0,0
0,0.0,4.235164736271502e-22,9.029702751720353e-17,1195855431
3471197981027085377,2.446719042648038e-12,2.446719042648038e-12,5.676577888764947e-31,1313285130
3183013784365256018,2.446719042648038e-12,2.446719042648038e-12,1.9022389457883093e-13,168638259
72057774897513642,4.047276402907585e-11,1.6407523459086418e-40,7.994407738973081e-41,58917
4296146946,0.0,0.0,0.0,0
0,0.0,0.0,8.547920632381384e-44,0
0,0.0,0.0,0.0,0
16758144240671784960,4.839609399384546e-22,2.3510164473541686e-38,4.047266688456119e-11,117088
253050883202778,1.653040332142306e-39,1.401298464324817e-45,0.0,0
0,0.0,0.0,0.0,0
0,-1.9859332773739814e-35,4.839609399384546e-22,2.3510004725516753e-38,775028808
245242632718688,8.263036654584149e-41,1.6530417334407705e-39,1.401298464324817e-45,0
0,0.0,0.0,0.0,0
261993005056,0.0,0.0,0.0,0
0,0.0,0.0,-80978255872.0,470959274
3328723263575556195,1.6407523459086418e-40,8.001414231294705e-41,8.263176784430581e-41,1179649
1,0.0,0.0,0.0,0
0,0.0,0.0,0.0,1899300814
72057774897513642,4.047276402907585e-11,1.6407523459086418e-40,8.00842072361633e-41,59015
4296146945,0.0,0.0,0.0,0
0,0.0,0.0,8.547920632381384e-44,0
0,0.0,0.0,0.0,0
11713797935698280448,4.839609399384546e-22,2.3510164473541686e-38,4.047266688456119e-11,117088
253471789997886,1.6530389308438418e-39,1.401298464324817e-45,0.0,0
0,0.0,0.0,0.0,0
0,6.460634763072868e+35,4.839609399384546e-22,2.3510004725516753e-38,775028808
245672129448288,8.276769379534532e-41,1.653040332142306e-39,1.401298464324817e-45,0
0,0.0,0.0,0.0,0
261993005056,0.0,0.0,0.0,0
0,0.0,0.0,1.7279085054817735e+33,470959274
3328723263575556195,1.6407523459086418e-40,8.015427215937954e-41,8.276909509380965e-41,1179648
1,0.0,0.0,0.0,0
0,0.0,0.0,0.0,2126010604
72057774897513642,4.047276402907585e-11,1.6407523459086418e-40,8.022433708259578e-41,59115
4296146945,0.0,0.0,0.0,0
0,0.0,0.0,8.547920632381384e-44,0
0,0.0,0.0,0.0,0
14464729934804811776,4.839609399384546e-22,2.3510164473541686e-38,4.047266688456119e-11,117088
253901286727586,1.6530389308438418e-39,1.401298464324817e-45,0.0,0
0,0.0,0.0,0.0,0
0,4.9491733581190007e+30,4.839609399384546e-22,2.3510004725516753e-38,775028808
246101626177888,8.29078236417778e-41,1.653040332142306e-39,1.401298464324817e-45,0
0,0.0,0.0,0.0,0
261993005056,0.0,0.0,0.0,0
0,0.0,0.0,-8.042785037268471e-22,470959274
3328723263575556195,1.6407523459086418e-40,8.029440200581202e-41,8.290922494024213e-41,1179648
1,0.0,0.0,0.0,0
0,0.0,0.0,0.0,2005137535
72057774897513642,4.047276402907585e-11,1.6407523459086418e-40,8.036446692902826e-41,59215
4296146946,0.0,0.0,0.0,0
0,0.0,0.0,8.547920632381384e-44,0
0,0.0,0.0,0.0,0
16380983371200724992,4.839609399384546e-22,2.3510164473541686e-38,4.047266688456119e-11,117088
254330783457286,1.653040332142306e-39,1.401298464324817e-45,0.0,0
0,0.0,0.0,0.0,0
0,1.3828539725325493e+24,4.839609399384546e-22,2.3510004725516753e-38,775028808
246531122907488,8.304795348821028e-41,1.6530417334407705e-39,1.401298464324817e-45,0
0,0.0,0.0,0.0,0
261993005056,0.0,0.0,0.0,0
0,0.0,0.0,2.2635924712951191e+24,470959274
3328723263575556195,1.6407523459086418e-40,8.04345318522445e-41,8.304935478667461e-41,1179649
1,0.0,0.0,0.0,0
0,0.0,0.0,0.0,411791998
72057774897513642,4.047276402907585e-11,1.6407523459086418e-40,8.050459677546074e-41,59316
4296146945,0.0,0.0,0.0,0
0,0.0,0.0,8.547920632381384e-44,0
0,0.0,0.0,0.0,0
10499058459993964544,4.839609399384546e-22,2.3510164473541686e-38,4.047266688456119e-11,117088
254764575154282,1.6530389308438418e-39,1.401298464324817e-45,0.0,0
0,0.0,0.0,0.0,0
0,-2.4014202085198555e-12,4.839609399384546e-22,2.3510004725516753e-38,775028808
246960619637088,8.318948463310709e-41,1.653040332142306e-39,1.401298464324817e-45,0
0,0.0,0.0,0.0,0
261993005056,0.0,0.0,0.0,0
0,0.0,0.0,1.8653606464568241e-34,470959274
3328723263575556195,1.6407523459086418e-40,8.057466169867698e-41,8.319088593157142e-41,1179648
1,0.0,0.0,0.0,0
0,0.0,0.0,0.0,2931799314
72057774897513642,4.047276402907585e-11,1.6407523459086418e-40,8.064472662189322e-41,59416
4296146945,0.0,0.0,0.0,0
0,0.0,0.0,8.547920632381384e-44,0
0,0.0,0.0,0.0,0
14658959282326732800,4.839609399384546e-22,2.3510164473541686e-38,4.047266688456119e-11,117088
255194071883982,1.6530389308438418e-39,1.401298464324817e-45,0.0,0
0,0.0,0.0,0.0,0
0,4.667979947317127e+26,4.839609399384546e-22,2.3510004725516753e-38,775028808
247390116366688,8.332961447953957e-41,1.653040332142306e-39,1.401298464324817e-45,0
0,0.0,0.0,0.0,0
261993005056,0.0,0.0,0.0,0
0,0.0,0.0,-1.398313258472964e+18,470959274
3328723263575556195,1.6407523459086418e-40,8.071479154510946e-41,8.33310157780039e-41,1179648
1,0.0,0.0,0.0,0
0,0.0,0.0,0.0,2711435748
72057774897513642,4.047276402907585e-11,1.6407523459086418e-40,8.07848564683257e-41,59516
4296146945,0.0,0.0,0.0,0
0,0.0,0.0,8.547920632381384e-44,0
0,0.0,0.0,0.0,0
3572060111796961280,4.839609399384546e-22,2.3510164473541686e-38,4.047266688456119e-11,117088
255623568613682,1.653040332142306e-39,1.401298464324817e-45,0.0,0
0,0.0,0.0,0.0,0
0,2.2136438565678008e+29,4.839609399384546e-22,2.3510004725516753e-38,775028808
247819613096288,8.346974432597205e-41,1.653040332142306e-39,1.401298464324817e-45,0
0,0.0,0.0,0.0,0
261993005056,0.0,0.0,0.0,0
0,0.0,0.0,-5.263207920895153e+33,470959274
3328723263575556195,1.6407523459086418e-40,8.085492139154194e-41,8.347114562443638e-41,1179649
1,0.0,0.0,0.0,0
0,0.0,0.0,0.0,4014198048
72057774897513642,4.047276402907585e-11,1.6407523459086418e-40,8.092498631475819e-41,59616
4296146946,0.0,0.0,0.0,0
0,0.0,0.0,8.547920632381384e-44,0
0,0.0,0.0,0.0,0
1378414795249680384,4.839609399384546e-22,2.3510164473541686e-38,4.047266688456119e-11,117088
256053065343382,1.653040332142306e-39,1.401298464324817e-45,0.0,0
0,0.0,0.0,0.0,0
0,7.04287231201306e-07,4.839609399384546e-22,2.3510004725516753e-38,775028808
248249109825888,8.361127547086886e-41,1.653040332142306e-39,1.401298464324817e-45,0
0,0.0,0.0,0.0,0
261993005056,0.0,0.0,0.0,0
0,0.0,0.0,1576.815185546875,470959274
3328723263575556195,1.6407523459086418e-40,8.099505123797443e-41,8.361267676933318e-41,1179648
1,0.0,0.0,0.0,0
0,0.0,0.0,0.0,596238026
72057774897513642,4.047276402907585e-11,1.6407523459086418e-40,8.106511616119067e-41,59717
4296146945,0.0,0.0,0.0,0
0,0.0,0.0,8.547920632381384e-44,0
0,0.0,0.0,0.0,0
18374607018481680384,4.839609399384546e-22,2.3510164473541686e-38,4.047266688456119e-11,117088
256486857040378,1.6530389308438418e-39,1.401298464324817e-45,0.0,0
0,0.0,0.0,0.0,0
0,1710683648.0,4.839609399384546e-22,2.3510004725516753e-38,775028808
248678606555488,8.375140531730134e-41,1.653040332142306e-39,1.401298464324817e-45,0
0,0.0,0.0,0.0,0
261993005056,0.0,0.0,0.0,0
0,0.0,0.0,-1.4934214975781401e-10,470959274
3328723263575556195,1.6407523459086418e-40,8.113518108440691e-41,8.375280661576567e-41,1179648
1,0.0,0.0,0.0,0
0,0.0,0.0,0.0,1472322665
72057774897513642,4.047276402907585e-11,1.6407523459086418e-40,8.120524600762315e-41,59817
4296146945,0.0,0.0,0.0,0
0,0.0,0.0,8.547920632381384e-44,0
0,0.0,0.0,0.0,0
15006301297668259840,4.839609399384546e-22,2.3510164473541686e-38,4.047266688456119e-11,117088
256916353770078,1.6530389308438418e-39,1.401298464324817e-45,0.0,0
0,0.0,0.0,0.0,0
0,-0.0012586528901010752,4.839609399384546e-22,2.3510004725516753e-38,775028808
249108103285088,8.389153516373382e-41,1.653040332142306e-39,1.401298464324817e-45,0
0,0.0,0.0,0.0,0
261993005056,0.0,0.0,0.0,0
0,0.0,0.0,-8.711211784521926e+30,470959274
3328723263575556195,1.6407523459086418e-40,8.127531093083939e-41,8.389293646219815e-41,1179648
1,0.0,0.0,0.0,0
0,0.0,0.0,0.0,2051812064
3182990811038893860,2.446719042648038e-12,2.446719910009776e-12,2.446719042648038e-12,943139372
4849622869902363149,3.043574940686522e-12,2.446719042648038e-12,2.446719042648038e-12,1445744172
1316363951247143722,1.5105997445421528e-41,7.46695238973416e-09,7.397374999417936e-38,14860800
1297038891721297152,3.587324068671532e-43,0.0,0.0,0
0,0.0,0.0,0.0,15616
0,0.0,0.0,0.0,0
0,-1.2168573893486718e-26,6.205670800011303e-28,3.555374463684926e-41,838872065
63826650022371374,2.1494528354666084e-38,4.039091094248021e-28,3.587324068671532e-43,0
0,0.0,0.0,0.0,0
0,0.0,-8.198264332585848e+25,6.205644318474568e-28,10780
128739815880411137,2.08423528389816e-38,2.1512106242602574e-38,4.039214353764462e-28,256
0,0.0,0.0,0.0,0
0,2.1882676818896343e-41,0.0,0.0,0
0,0.0,0.0,0.0,2083251200
108972216724045,7.46058592682175e-09,7.397374999417936e-38,2.08423528389816e-38,15351808
1099813617920,0.0,0.0,0.0,0
0,0.0,0.0,0.0,0
1316364587775217920,1.5105997445421528e-41,7.46695238973416e-09,7.397374999417936e-38,14886400
1297037792209694464,3.587324068671532e-43,0.0,0.0,0
0,0.0,0.0,0.0,15616
0,0.0,0.0,0.0,0
0,-4.710352782537225e+27,6.2056871704158305e-28,3.555374463684926e-41,838872065
63936601185148974,2.1529684130539065e-38,4.0389678347315804e-28,3.587324068671532e-43,0
0,0.0,0.0,0.0,0
0,0.0,-3.4163975957775925e+33,6.205730985322065e-28,10780
128739815880411137,2.0878226079668315e-38,2.1547262018475555e-38,4.039091094248021e-28,256
0,0.0,0.0,0.0,0
0,2.1882676818896343e-41,0.0,0.0,0
0,0.0,0.0,0.0,1902034944
108972216724204,7.46058592682175e-09,7.397374999417936e-38,2.0878226079668315e-38,15376896
1099813617664,0.0,0.0,0.0,0
0,0.0,0.0,0.0,0
1316364631490207232,1.5105997445421528e-41,7.46695238973416e-09,7.397374999417936e-38,14912000
1297037792209720064,3.587324068671532e-43,0.0,0.0,0
0,0.0,0.0,0.0,15616
0,0.0,0.0,0.0,0
0,3.758900942326757e+33,6.205669837046331e-28,3.555374463684926e-41,838872065
64046552347926574,2.156555737122578e-38,4.0389678347315804e-28,3.587324068671532e-43,0
0,0.0,0.0,0.0,0
0,0.0,3.23393857519616e+16,6.205739170524329e-28,10780
128739815880411137,2.091409932035503e-38,2.158313525916227e-38,4.039091094248021e-28,256
0,0.0,0.0,0.0,0
0,2.1882676818896343e-41,0.0,0.0,0
0,0.0,0.0,0.0,2405326080
108972216724202,7.46058592682175e-09,7.397374999417936e-38,2.091409932035503e-38,15402496
1099813617664,0.0,0.0,0.0,0
0,0.0,0.0,0.0,0
1316364637508258048,1.5105997445421528e-41,7.46695238973416e-09,7.397374999417936e-38,14937600
1297038891721373440,3.587324068671532e-43,0.0,0.0,0
0,0.0,0.0,0.0,15616
0,0.0,0.0,0.0,0
0,2.099847615802614e-18,6.205658281466665e-28,3.555374463684926e-41,838872065
64156503510704174,2.1601430611912495e-38,4.039091094248021e-28,3.587324068671532e-43,0
0,0.0,0.0,0.0,0
0,0.0,0.55645751953125,6.205691022275719e-28,10780
128739815880411137,2.0949972561041745e-38,2.1619008499848986e-38,4.039214353764462e-28,256
0,0.0,0.0,0.0,0
0,2.1882676818896343e-41,0.0,0.0,0
0,0.0,0.0,0.0,1953214464
108972216724186,7.46058592682175e-09,7.397374999417936e-38,2.0949972561041745e-38,15428096
1099813617920,0.0,0.0,0.0,0
0,0.0,0.0,0.0,0
1316364502568917248,1.5105997445421528e-41,7.46695238973416e-09,7.397374999417936e-38,14963200
1297037792209771520,3.587324068671532e-43,0.0,0.0,0
0,0.0,0.0,0.0,15616
0,0.0,0.0,0.0,0
0,-2.3203986432093554e+21,6.20563661475479e-28,3.555374463684926e-41,838872065
64266454673481774,2.1637662585006078e-38,4.0389678347315804e-28,3.587324068671532e-43,0
0,0.0,0.0,0.0,0
0,0.0,-7723.5,6.20563661475479e-28,10780
128739815880411137,2.098584580172846e-38,2.1655240472942568e-38,4.039091094248021e-28,256
0,0.0,0.0,0.0,0
0,2.1882676818896343e-41,0.0,0.0,0
0,0.0,0.0,0.0,2316787456
108972216723990,7.46058592682175e-09,7.397374999417936e-38,2.098584580172846e-38,15453952
1099813617664,0.0,0.0,0.0,0
0,0.0,0.0,0.0,0
1316364032945293312,1.5105997445421528e-41,7.46695238973416e-09,7.397374999417936e-38,14988800
1297037792209797120,3.587324068671532e-43,0.0,0.0,0
0,0.0,0.0,0.0,15616
0,0.0,0.0,0.0,0
0,1.9485386737771872e+19,6.205710281575163e-28,3.555374463684926e-41,838872065
64376405836259374,2.1673535825692793e-38,4.0389678347315804e-28,3.587324068671532e-43,0
0,0.0,0.0,0.0,0
0,0.0,1.6943892878056017e+20,6.205660688879095e-28,10780
128739815880411137,2.1021719042415176e-38,2.1691113713629284e-38,4.039091094248021e-28,256
0,0.0,0.0,0.0,0
0,2.1882676818896343e-41,0.0,0.0,0
0,0.0,0.0,0.0,3047119872
108972216724049,7.46058592682175e-09,7.397374999417936e-38,2.1021719042415176e-38,15479552
1099813617664,0.0,0.0,0.0,0
0,0.0,0.0,0.0,0
1316364230226341120,1.5105997445421528e-41,7.46695238973416e-09,7.397374999417936e-38,15014400
1297037792209822720,3.587324068671532e-43,0.0,0.0,0
0,0.0,0.0,0.0,15616
0,0.0,0.0,0.0,0
0,-4.730556837238372e+24,6.205624577692638e-28,3.555374463684926e-41,838872065
64486356999036974,2.1709409066379508e-38,4.039091094248021e-28,3.587324068671532e-43,0
0,0.0,0.0,0.0,0
0,0.0,7.697508408455178e-09,6.205667911116387e-28,10780
128739815880411137,2.105759228310189e-38,2.1726986954316e-38,4.039091094248021e-28,256
0,0.0,0.0,0.0,0
0,2.1882676818896343e-41,0.0,0.0,0
0,0.0,0.0,0.0,3930747136
108972216724214,7.46058592682175e-09,7.397374999417936e-38,2.105759228310189e-38,15505152
1099813617920,0.0,0.0,0.0,0
0,0.0,0.0,0.0,0
1316364559680217344,1.5105997445421528e-41,7.46695238973416e-09,7.397374999417936e-38,15040000
1297038891721476096,3.587324068671532e-43,0.0,0.0,0
0,0.0,0.0,0.0,15616
0,0.0,0.0,0.0,0
0,3.412389312384205e+16,6.205733392734496e-28,3.555374463684926e-41,838872065
64596308161814574,2.1745282307066224e-38,4.039091094248021e-28,3.587324068671532e-43,0
0,0.0,0.0,0.0,0
0,0.0,6.640038918703794e-08,6.205684281520914e-28,10780
128739815880411137,2.1093465523788606e-38,2.1763218927409581e-38,4.039091094248021e-28,256
0,0.0,0.0,0.0,0
0,2.1882676818896343e-41,0.0,0.0,0
0,0.0,0.0,0.0,1934770176
108972216724215,7.46058592682175e-09,7.397374999417936e-38,2.1093465523788606e-38,15531008
1099813617664,0.0,0.0,0.0,0
0,0.0,0.0,0.0,0
1316364530121147648,1.5105997445421528e-41,7.46695238973416e-09,7.397374999417936e-38,15065600
1297037792209874176,3.587324068671532e-43,0.0,0.0,0
0,0.0,0.0,0.0,15616
0,0.0,0.0,0.0,0
0,4.121639161582065e+34,6.205712688987594e-28,3.555374463684926e-41,838872065
64706259324592174,2.1781514280159806e-38,4.0389678347315804e-28,3.587324068671532e-43,0
0,0.0,0.0,0.0,0
0,0.0,-3950968832.0,6.205709800092677e-28,10780
128739815880411137,2.1129338764475322e-38,2.1799092168096297e-38,4.039091094248021e-28,256
0,0.0,0.0,0.0,0
0,2.1882676818896343e-41,0.0,0.0,0
0,0.0,0.0,0.0,710524928
108972216723991,7.46058592682175e-09,7.397374999417936e-38,2.1129338764475322e-38,15556608
1099813617664,0.0,0.0,0.0,0
0,0.0,0.0,0.0,0
1316364431544972032,1.5105997445421528e-41,7.46695238973416e-09,7.397374999417936e-38,15091200
1297037792209899776,3.587324068671532e-43,0.0,0.0,0
0,0.0,0.0,0.0,15616
0,0.0,0.0,0.0,0
0,-1.909347216353855e+27,6.205736281629412e-28,3.555374463684926e-41,838872065
64816210487369774,2.1817387520846522e-38,4.0389678347315804e-28,3.587324068671532e-43,0
0,0.0,0.0,0.0,0
0,0.0,6.46650732960552e-09,6.205717985294941e-28,10780
128739815880411137,2.1165212005162037e-38,2.1834965408783012e-38,4.039091094248021e-28,256
0,0.0,0.0,0.0,0
0,2.1882676818896343e-41,0.0,0.0,0
0,0.0,0.0,0.0,3112260352
108972216724014,7.46058592682175e-09,7.397374999417936e-38,2.1165212005162037e-38,15582208
1099813617664,0.0,0.0,0.0,0
0,0.0,0.0,0.0,0
5640516983478454016,2.7466516474422553e-12,2.446719042648038e-12,2.446941087252963e-12,741092396
2596902670227352620,220521584.0,47326525652992.0,2.446719042648038e-12,741092396
3977569445497154604,1360.3140869140625,3.867160569400269e-39,6.612514455782234e-39,3378523698
17146611160152932353,1.8367099231598242e-40,9.186071953034906e-41,0.0,0
0,0.0,0.0,0.0,0
3997696,0.0,0.0,0.0,0
0,0.0,7113539584.0,1367.9908447265625,6495250
14510648791673864448,-4.0140118707271686e+23,-9.516664052006361e+27,9.183549615799121e-41,65554
0,0.0,0.0,0.0,0
0,0.0,0.0,-5.589931483268507e-25,1152057313
20267297837554706,-918243.125,-5.19460349144458e+23,-1.2920999160041157e+28,131072
65554,0.0,0.0,0.0,0
0,0.0,5.601965265637464e-39,0.0,0
0,0.0,0.0,0.0,0
4947905708347883520,9.101783850405768e-39,4.0411205633584805e-39,-918243.125,3873177601
281478972309504,9.186071953034906e-41,0.0,0.0,0
0,0.0,0.0,0.0,0
17658895613896425472,1363.1607666015625,3.867160569400269e-39,6.612514455782234e-39,3378523698
17174195707877130241,9.183549615799121e-41,9.186071953034906e-41,0.0,0
0,0.0,0.0,0.0,0
3997696,0.0,0.0,0.0,0
0,0.0,-4.64555367444968e-35,1364.172607421875,6495250
14510648791673864448,-6.705761126250837e+23,-1.6712190530352634e+28,0.0,65554
0,0.0,0.0,0.0,0
0,0.0,0.0,-6.061579528788587e-21,1152028024
20267297837554706,-918243.125,-9.066944367685659e+23,-2.1199723172762137e+28,65536
65554,0.0,0.0,0.0,0
0,0.0,5.601965265637464e-39,0.0,0
0,0.0,0.0,0.0,0
4947995650248343552,9.101783850405768e-39,4.0411205633584805e-39,-918243.125,3879731201
4002021376,9.186071953034906e-41,0.0,0.0,0
0,0.0,0.0,0.0,0
2619124658292654080,1367.8907470703125,3.867160569400269e-39,6.612514455782234e-39,3378523698
17202343205554749441,9.183549615799121e-41,9.186071953034906e-41,0.0,0
0,0.0,0.0,0.0,0
3997696,0.0,0.0,0.0,0
0,0.0,-5634997092352.0,1362.6019287109375,6495250
14510648791673864448,-1.1428127609120482e+24,-2.9091590923206436e+28,0.0,65554
0,0.0,0.0,0.0,0
0,0.0,0.0,2.0667603913004928e-19,1151996063
20267297837554706,-918243.125,-1.5489363504964317e+24,-3.667397366382939e+28,65536
65554,0.0,0.0,0.0,0
0,0.0,5.601965265637464e-39,0.0,0
0,0.0,0.0,0.0,0
4947818497024131072,9.101783850405768e-39,4.0411205633584805e-39,-918243.125,3886284801
4008574976,9.186071953034906e-41,0.0,0.0,0
0,0.0,0.0,0.0,0
2242792614430507008,1360.6962890625,3.867160569400269e-39,6.612514455782234e-39,3378523698
17230490703232368641,1.8367099231598242e-40,9.186071953034906e-41,0.0,0
0,0.0,0.0,0.0,0
3997696,0.0,0.0,0.0,0
0,0.0,3.3465975846025256e+33,1367.50537109375,6495250
14510648791673864448,-2.0211729987833962e+24,-4.951760157141521e+28,9.183549615799121e-41,65554
0,0.0,0.0,0.0,0
0,0.0,0.0,-6.8598829524107395e+19,1152033311
20267297837554706,-918243.125,-2.568967654911463e+24,-6.468236705266112e+28,131072
65554,0.0,0.0,0.0,0
0,0.0,5.601965265637464e-39,0.0,0
0,0.0,0.0,0.0,0
4948023194653163520,9.101783850405768e-39,4.0411205633584805e-39,-918243.125,3892838401
281478991839232,9.186071953034906e-41,0.0,0.0,0
0,0.0,0.0,0.0,0
8726005753007046656,1361.8109130859375,3.867160569400269e-39,6.612514455782234e-39,3378523698
17258919675886698497,9.183549615799121e-41,9.186071953034906e-41,0.0,0
0,0.0,0.0,0.0,0
3997696,0.0,0.0,0.0,0
0,0.0,-91804925952.0,1367.7266845703125,6495250
14510648791673864448,-3.513440951485392e+24,-8.232301261247779e+28,0.0,65554
0,0.0,0.0,0.0,0
